cell_name,cell_id,cell_common_id,class,mito_id,cell_vol,mito_vol,cell_surf,mito_surf,x_pos,y_pos,z_pos,mito_len,dist_pre,dist_post
RMGR,1,146,2,1605,1.03150518272,0.00559939584,11.940964470444822,0.1347261875148021,10.376379925093634,5.673343520599252,4.193445692883896,0.540530029296875,0.3070659596965448,0.8510172542346667
RMGR,1,146,2,1756,1.03150518272,0.02057306112,11.940964470444822,0.419829656301807,9.839168195718656,4.99474006116208,4.625688073394495,1.234584228515625,0.3210411294640972,0.37963131754881574
AIYR,2,20,2,2332,1.1365305548800002,0.01004535808,14.19388201582801,0.1845206625207226,11.550891022964514,6.557832818371608,5.768789144050103,0.7213746948242188,0.35215794064867567,2.2105986357261314
AIYR,2,20,2,3819,1.1365305548800002,0.0103809024,14.19388201582801,0.1787280437692424,5.752190707070708,3.2606642424242427,8.652424242424244,0.5790548706054688,0.23451705378994347,0.5123904529357738
AIYR,2,20,2,4021,1.1365305548800002,0.00675282944,14.19388201582801,0.1232137234511918,4.960930186335404,3.1979965217391304,9.219565217391306,0.3574508666992187,0.4116039055570175,1.4227245118871215
AIYL,3,19,2,2952,1.1891271270400003,0.00320864256,14.466042523660851,0.0786120218846213,4.685770457516339,8.253440000000001,6.869281045751634,0.2974784851074218,0.35899351787709627,0.35759408096404366
AIYL,3,19,2,3465,1.1891271270400003,0.00224395264,14.466042523660851,0.0514183203180507,4.025755514018691,5.646737943925234,7.87803738317757,0.239587158203125,1.3005098725339623,0.3023343619694271
AIYL,3,19,2,3663,1.1891271270400003,0.01056964608,14.466042523660851,0.1845934359600729,4.040126984126984,4.957663492063492,8.314583333333333,0.4653857116699219,0.5100133574867827,0.38311444748959533
AIYL,3,19,2,4344,1.1891271270400003,0.0050331648,14.466042523660851,0.1078537234511917,4.355925333333333,3.820288,10.032708333333334,0.3623849487304687,0.6022926552559175,1.5219575913370764
RMEV,4,142,3,863,0.8904717107200002,0.01073741824,12.775765620409304,0.2003900765961745,9.822680000000002,8.523840000000002,2.27216796875,0.6836257934570312,0.36996641498047267,1.3932174421688475
RMEV,4,142,3,868,0.8904717107200002,0.00109051904,12.775765620409304,0.0459469390695308,9.081304615384614,8.941883076923078,2.2173076923076924,0.1799039764404296,0.4304688269575953,1.5413236307390317
AIZL,5,21,2,1824,1.7371129446400002,0.04116709376,17.18278035055307,0.7125127938284503,9.112473234844629,9.722011451859398,4.849312277126847,1.5255948486328126,0.46353005480152837,0.30180312056987546
AIZL,5,21,2,1845,1.7371129446400002,0.00994050048,17.18278035055307,0.2153862093994239,8.544221434599155,9.945200337552745,4.783016877637131,0.6146624755859375,0.35817063428281554,0.6365415251900268
AIZL,5,21,2,2789,1.7371129446400002,0.011010048,17.18278035055307,0.238308220341734,5.883884495238096,9.017207466666669,6.626000000000001,0.9846661376953124,0.3695475167846091,0.3137607036048736
AIZL,5,21,2,2953,1.7371129446400002,0.00224395264,17.18278035055307,0.0578107843816609,5.445383177570094,8.64275140186916,6.848598130841122,0.2131090698242187,0.8817231420273488,0.2390440899418279
AIZL,5,21,2,3292,1.7371129446400002,0.01914699776,17.18278035055307,0.2719546734630337,4.528053975903615,4.787699101861993,7.579463307776561,0.7050075073242188,0.40526068653427083,0.48727064456099295
AIZL,5,21,2,4023,1.7371129446400002,0.0105906176,17.18278035055307,0.2176826734630334,4.659017504950496,4.115668910891089,9.27059405940594,0.656199951171875,0.4144553486362521,0.33255504336434133
AIZR,6,22,2,1888,1.61377943552,0.00861929472,16.45480678178975,0.1727597343935025,11.263750851581513,8.01968895377129,4.860705596107056,0.61719482421875,0.4050893737313065,0.3684742498723966
AIZR,6,22,2,1893,1.61377943552,0.02292187136,16.45480678178975,0.3468345625444059,10.954439085086918,8.322374967978043,4.858737419945106,0.9495774536132812,0.5418437071223531,0.4101298729291278
AIZR,6,22,2,3291,1.61377943552,0.01900019712,16.45480678178975,0.3240331265843328,6.512007064017661,3.74329642384106,7.521799116997792,1.0679505615234377,0.26033748301754484,0.48069748844077753
AIZR,6,22,2,3571,1.61377943552,0.02843738112,16.45480678178975,0.5893895016139366,5.290757286135694,3.5895730973451325,8.351216814159292,0.7487640991210938,0.4852175223221082,0.3173751575358628
AIZR,6,22,2,5143,1.61377943552,0.00656408576,16.45480678178975,0.1341991156420223,5.321855591054314,2.906458785942492,11.728115015974442,0.5132471923828125,2.7279606146140343,2.2399354534737883
RIAR,7,114,2,1293,2.0057581158400004,0.00425721856,24.55409887027556,0.0937963312603613,10.476478423645323,7.6772760591133,3.373399014778325,0.26867822265625,0.15823599867950458,0.4561925900397341
RIAR,7,114,2,1476,2.0057581158400004,0.01031798784,24.55409887027556,0.2042979000236833,9.008286178861788,8.947428943089433,3.831808943089431,0.9839259643554688,0.5877805199081552,0.8231151095268899
RIAR,7,114,2,1547,2.0057581158400004,0.0135266304,24.55409887027556,0.2479182312840444,7.380198201550388,9.131793860465116,3.896744186046512,1.0529449462890623,0.39533387637432293,0.20914344520989742
RIAR,7,114,2,1780,2.0057581158400004,0.02298478592,24.55409887027556,0.4522462750532871,5.345821897810219,7.236615474452555,4.821350364963504,1.581181884765625,0.1682184096961794,0.4329431832383282
RIAR,7,114,2,1798,2.0057581158400004,0.01650458624,24.55409887027556,0.3489428500355247,8.197412757306227,4.609899669631513,4.678081321473952,1.1166864013671876,0.5271551830162239,1.38891137783297
RIAR,7,114,2,2857,2.0057581158400004,0.02290089984,24.55409887027556,0.4568693469260659,6.431957802197803,4.763306666666667,7.024587912087912,0.9089732055664064,0.21352032268565965,0.35910538948415216
RIAR,7,114,2,2921,2.0057581158400004,0.00517996544,24.55409887027556,0.1137492593875816,7.408453441295548,3.509376518218624,6.818825910931173,0.4014609375,1.4713419860345913,0.21927849722843182
RIAR,7,114,2,3179,2.0057581158400004,0.00662700032,24.55409887027556,0.1166455687633217,6.801174683544306,3.454444556962025,7.299525316455696,0.4512409973144531,1.3435060366453944,0.2528957739211334
RIAR,7,114,2,4002,2.0057581158400004,0.01430257664,24.55409887027556,0.2602363750296037,5.058680117302052,3.6544187683284455,9.24457478005865,0.6286930541992187,0.2626726845480215,0.2745428707054176
RIAL,8,113,2,1323,2.23426379776,0.00830472192,24.63817924380964,0.1618471156420224,7.779607272727275,9.297144242424244,3.435479797979798,0.6182594604492188,0.30024017477296294,0.4785135600099061
RIAL,8,113,2,1368,2.23426379776,0.0210763776,24.63817924380964,0.3790754906716262,10.757461333333335,7.224630766169155,3.665422885572139,1.1123990478515624,0.3260372691608042,0.29044479276109325
RIAL,8,113,2,1715,2.23426379776,0.00247463936,24.63817924380964,0.0625794031331411,5.248433898305084,7.203058983050848,4.373728813559322,0.2353461761474609,0.2348854458061133,0.33444533564737006
RIAL,8,113,2,2049,2.23426379776,0.01958739968,24.63817924380964,0.3559777891050558,5.1463564882227,6.157463297644539,5.428693790149892,1.0899990234375,0.09530369354158777,0.25704717388411985
RIAL,8,113,2,2106,2.23426379776,0.00327155712,24.63817924380964,0.0804115578210113,7.707306666666668,4.299355897435898,5.324679487179488,0.3281982421875,0.29838971314845975,0.5658138139271339
RIAL,8,113,2,2636,2.23426379776,0.00578813952,24.63817924380964,0.1402703422026724,6.9504371014492765,4.495582608695652,6.391666666666667,0.4518863525390625,0.277584276381848,0.46453149419940215
RIAL,8,113,2,2946,2.23426379776,0.0087031808,24.63817924380964,0.1875926625207225,6.866771277108435,4.68987065060241,6.962771084337349,0.57814111328125,0.09400881411688791,1.0717617192947497
RIAL,8,113,2,3096,2.23426379776,0.0105906176,24.63817924380964,0.2232268281509035,5.56200300990099,5.4366897425742575,7.298019801980198,0.6388988037109375,0.1799939699899122,0.3803146947633335
RIAL,8,113,2,3618,2.23426379776,0.02491416576,24.63817924380964,0.4533731922381973,4.216501010101011,4.291542626262627,8.524579124579125,1.2495618896484375,2.2528012519328833,0.26578961015040126
RIBL,9,115,2,1487,1.3273504153600004,0.01168113664,16.76259199890361,0.2780986734630336,7.552965170556554,9.92702736086176,3.883931777378816,0.7581737060546875,1.0536952365594967,0.46619822093785257
RIBL,9,115,2,1623,1.3273504153600004,0.00312475648,16.76259199890361,0.0705957125088812,4.446221744966443,7.008420939597315,4.149664429530201,0.325701416015625,0.7625801745624052,0.4496613765271895
RIBL,9,115,2,1981,1.3273504153600004,0.03600809984,16.76259199890361,0.6450015672678006,4.205163051834595,6.543377891671521,5.312667443214911,1.5596851806640626,0.534123056468146,0.5787284507235222
RIBL,9,115,2,2038,1.3273504153600004,0.01109393408,16.76259199890361,0.2385566844053439,7.231337013232515,10.128308506616255,5.39413988657845,0.722898193359375,0.434552717393369,0.5376917219332544
RIBL,9,115,2,2074,1.3273504153600004,0.0035651584,16.76259199890361,0.0918211046997118,6.952357647058824,10.020984470588235,5.271764705882354,0.2464400939941406,0.4280502979193501,0.43730353515542547
RIBL,9,115,2,2184,1.3273504153600004,0.0161480704,16.76259199890361,0.3207677781627451,5.530105350649351,9.426358857142858,5.6143506493506505,0.9863745727539064,0.341589399196762,0.74850835371578
RIBL,9,115,2,2753,1.3273504153600004,0.0008388608,16.76259199890361,0.0214010828150903,5.423104,4.659712000000001,6.45,0.189289794921875,0.6359444836147254,0.3674095018912815
RIH,10,124,2,618,2.215808860160001,0.01145044992,25.37838783918099,0.2258871594112646,10.259092161172164,7.195269157509158,1.575915750915751,0.6429201049804687,0.42271546902162954,1.4488169375882132
RIH,10,124,2,668,2.215808860160001,0.0076546048,25.37838783918099,0.1191904968905423,6.6740672876712335,8.521699945205482,1.6473972602739724,0.3868876647949218,0.5432052872029822,0.22953918820777672
RIH,10,124,2,670,2.215808860160001,0.00562036736,25.37838783918099,0.1258615687633216,8.277588059701493,9.14049910447761,1.726492537313433,0.4383405151367187,0.3187758023677187,1.114226640766184
RIH,10,124,2,707,2.215808860160001,0.00088080384,25.37838783918099,0.0208012375029604,5.738788571428572,7.959893333333333,1.75,0.1832910003662109,0.43952266151426106,0.43246769771340454
RIH,10,124,2,750,2.215808860160001,0.01203765248,25.37838783918099,0.2074426734630336,5.621010731707318,7.55408724738676,1.9948606271777007,0.4808491821289062,0.245496295012678,0.3642588073946914
RIH,10,124,2,760,2.215808860160001,0.00553648128,25.37838783918099,0.1136463422026721,9.768339393939396,5.908247272727274,1.9666666666666663,0.703425048828125,0.9076714755705254,0.2494636507452732
RIH,10,124,2,907,2.215808860160001,0.00926941184,25.37838783918099,0.1614957343935023,8.72721375565611,4.924003619909502,2.451244343891403,0.3793848876953125,0.763197677162159,0.3105433487572876
RIH,10,124,2,1033,2.215808860160001,0.00442499072,25.37838783918099,0.098068021884621,8.329730426540287,4.565972322274882,2.856161137440758,0.2950286865234375,1.4196811391509327,0.49009852945376514
RIH,10,124,2,1436,2.215808860160001,0.01608515584,25.37838783918099,0.2814014797293152,5.905048865710561,5.599103833116036,3.745110821382008,0.86914697265625,0.3089491997898893,2.1729264824519574
SAADL,11,149,2,1653,0.7353453772800002,0.003145728,11.275253871608784,0.0723952484452707,11.185220266666668,7.389593600000001,4.257666666666665,0.4006186218261718,1.000409828271134,1.7089482472616915
SAADL,11,149,2,2965,0.7353453772800002,0.00675282944,11.275253871608784,0.1753046625207231,10.343163229813664,6.278455652173914,7.037888198757764,0.7091439819335937,2.38017479115857,4.197663630423598
ASGR,12,32,1,3482,0.4750468710400001,0.00469762048,5.657096492877641,0.1090534140754512,8.691291428571429,4.012525714285714,7.9845982142857155,0.3770297241210937,0.4164506402178806,0.5176084491699962
AVL,13,59,2,2601,0.6905711820800002,0.0074448896,12.532985046922589,0.1590235797056322,6.640596732394368,3.623402366197183,6.285070422535213,0.82364794921875,4.079315847042795,0.0
RIR,14,129,2,2246,1.17572632576,0.00710934528,14.87226391435616,0.1328237343935021,11.17078277286136,7.84263174041298,5.6300884955752215,0.4458069152832031,0.41484167970664465,0.48044219256540355
RIR,14,129,2,2960,1.17572632576,0.00404750336,14.87226391435616,0.0878280218846214,7.007449533678757,3.5242578238341973,6.901554404145077,0.3573234252929687,0.2702160327073911,0.3423917196720693
RIR,14,129,2,3256,1.17572632576,0.01560281088,14.87226391435616,0.2832311594112652,4.903858924731184,4.122535913978495,7.505040322580645,0.6284505615234375,1.6032045229828225,0.6679866414547836
RIVR,15,132,3,1913,0.9973006336,0.00446693376,14.295347559715664,0.1040363312603614,6.431008450704224,9.259363755868543,4.885915492957746,0.4519335632324219,4.827307885823525,4.454935365587808
RIVR,15,132,3,3463,0.9973006336,0.00708837376,14.295347559715664,0.1402703422026722,6.300932544378698,5.300139171597634,7.900887573964497,0.4516564025878906,0.30667300741498427,1.0010933691524353
RIVR,15,132,3,3782,0.9973006336,0.02350907392,14.295347559715664,0.3786513359837564,6.075727243532561,5.614461373773418,8.700624442462088,0.6741828002929687,0.6133721747030603,1.4906866357979225
ADFL,16,5,1,2165,0.7530663116800002,0.01438646272,9.9389941590999,0.3479916234748748,9.415456093294464,9.7530178425656,5.658236151603499,1.722254638671875,0.7388610875407915,0.7607727341438151
ADFL,16,5,1,2322,0.7530663116800002,0.0017825792,9.9389941590999,0.0450258562544405,8.121886117647058,9.839796705882351,5.700000000000001,0.4555283813476563,0.27021613089184476,0.4749289075926002
RIVL,17,131,3,3693,0.9026981068800002,0.02057306112,12.507415190668144,0.3631156453594963,6.2583414475025485,4.9606693577981655,8.533944954128442,0.9773604125976564,0.49954839812591856,1.1870113022775295
ADFR,18,6,1,2318,0.6611900825600001,0.00926941184,8.45456194324473,0.1704331265843329,11.160117285067876,8.25747113122172,5.780316742081448,0.5567693481445313,0.3806204847348698,0.33127542091994566
ADFR,18,6,1,2777,0.6611900825600001,0.00278921216,8.45456194324473,0.0607070937574012,10.042899248120303,4.95692992481203,6.569172932330829,0.5021386413574219,1.39869789510784,0.41681233847910093
ADFR,18,6,1,3708,0.6611900825600001,0.00438304768,8.45456194324473,0.1061571046997115,6.157130717703351,3.645244019138757,8.386363636363637,0.3672395935058594,0.36010663353049627,3.31862729086088
SMBVR,19,169,3,2411,0.9953293107200004,0.0048234496,14.324439429903451,0.0901244859482315,8.142046608695651,5.161761391304348,5.939347826086958,0.3564219970703125,0.4472743439010072,1.7389993876336867
SMBVR,19,169,3,3262,0.9953293107200004,0.00694157312,14.324439429903451,0.1648588281509035,9.305777885196376,5.23062912386707,7.440181268882176,0.6810612182617187,2.272465048605732,1.159471385328536
SMBVR,19,169,3,3377,0.9953293107200004,0.01983905792,14.324439429903451,0.4146067391168974,6.914229852008457,4.93949023255814,7.90232558139535,0.9498765869140624,0.628076599515306,1.8457338346721714
SMBVR,19,169,3,5144,0.9953293107200004,0.01197473792,14.324439429903451,0.3146965516020954,5.191697933450088,3.35864826619965,12.07259194395797,1.0524713134765624,2.303684263046384,0.7504437092623798
SMBVL,20,168,3,3712,0.9034530816000004,0.0106954752,13.181204161069072,0.1945423422026717,4.689638901960785,4.564309333333334,8.373235294117647,0.7148209228515625,1.6207309640908973,0.39222620471279507
SMBVL,20,168,3,4685,0.9034530816000004,0.0009437184,13.181204161069072,0.0311140109423106,4.896540444444446,5.437212444444445,10.649999999999997,0.2966587524414062,0.4744767930018079,1.5134222481381394
SMBVL,20,168,3,5378,0.9034530816000004,0.0054525952,13.181204161069072,0.1382223422026718,3.848034461538461,4.642028307692309,12.406923076923078,0.7818645629882812,2.6675938381565327,3.004664306677193
SMBVL,20,168,3,5553,0.9034530816000004,0.0058720256,13.181204161069072,0.1273824968905419,3.5079314285714287,4.313380571428572,12.75589285714286,0.4535637817382812,3.235322697992842,3.4389703863418557
AIAR,21,12,2,2621,0.8443972812800002,0.0009437184,10.967880323234558,0.0285690828150902,11.237148444444443,8.503296,6.217777777777777,0.2063827362060546,0.4046089226168098,0.18384000027506545
AIAR,21,12,2,2730,0.8443972812800002,0.00339738624,10.967880323234558,0.0829866296937906,10.84807901234568,9.014107654320988,6.446604938271607,0.3827852783203125,1.037157025034193,0.2620993107418584
AIAR,21,12,2,3877,0.8443972812800002,0.01690304512,10.967880323234558,0.332031778162745,6.796285459057073,3.359202779156328,9.023821339950372,0.983705810546875,0.32888823831636915,0.2930414408563596
PVT,22,112,2,2858,0.8828380774400002,0.00585105408,12.896338812647503,0.113573568763322,4.462217634408603,4.934945949820789,6.719713261648746,0.4187165832519531,0.18136771714756594,5.223440797922074
PVT,22,112,2,3572,0.8828380774400002,0.00285212672,12.896338812647503,0.063779093757401,5.361694117647059,4.549571764705883,8.168382352941178,0.2967852783203125,0.5885722345510596,5.098018591948164
PVT,22,112,2,3739,0.8828380774400002,0.00620756992,12.896338812647503,0.129182032826932,5.497565405405405,4.54566054054054,8.429054054054054,0.4773821716308594,0.35065922566009883,5.1617769782707015
PVT,22,112,2,8001,0.8828380774400002,0.0085983232,12.896338812647503,0.2076485078328528,9.062549853658536,9.906225951219511,3.626585365853658,1.4334217529296875,1.9114319495241754,5.862441136319164
PVT,22,112,2,8002,0.8828380774400002,0.0014680064,12.896338812647503,0.0412812375029605,9.242916571428571,10.015305142857144,3.75,0.4043300476074218,1.8058598373338253,5.935497696957416
DVC,23,76,2,1427,1.3791290982400004,0.01904214016,18.97317756018933,0.2433554469023833,11.558975154185022,7.939112599118944,3.720319383259912,0.661562744140625,1.3561076704629056,4.520320412168694
DVC,23,76,2,1762,1.3791290982400004,0.01675624448,18.97317756018933,0.3467316453594962,4.448261126408011,8.246544981226533,4.729349186483104,1.1512652587890626,1.1303546485112976,0.49965161343514625
DVC,23,76,2,1963,1.3791290982400004,0.01369440256,18.97317756018933,0.2255534359600726,4.35352110260337,7.722465421133232,5.010643185298622,0.76718798828125,0.5936685076217393,0.9105415929575535
DVC,23,76,2,2176,1.3791290982400004,0.0044040192,18.97317756018933,0.0960200218846214,8.674352761904764,3.8367817142857135,5.471190476190476,0.3427150573730468,0.5452109060619483,0.8995212482105251
DVC,23,76,2,2826,1.3791290982400004,0.00717225984,18.97317756018933,0.1436937234511918,6.352931929824562,3.5763349707602345,6.676754385964913,0.6770271606445313,1.780668742089031,3.4855410518680756
AVKL,24,57,2,1622,0.8096684441600002,0.0045088768,13.836152492329438,0.1095077125088812,11.34077618604651,6.635615255813955,4.154651162790698,0.5526109008789063,3.115473100849233,2.143900548578925
AVKL,24,57,2,1689,0.8096684441600002,0.00348127232,13.836152492329438,0.0812598671967514,10.59753638554217,5.626694939759037,4.311144578313254,0.3632744750976562,2.8336434470482343,0.8823062994723271
AVKL,24,57,2,2697,0.8096684441600002,0.0080740352,13.836152492329438,0.1612472703298924,6.947560727272728,3.752999896103897,6.451168831168831,0.4801690063476562,1.8729102248638516,2.7373827037626275
AVKL,24,57,2,3710,0.8096684441600002,0.0075497472,13.836152492329438,0.1526311156420224,5.843740444444443,4.247893333333334,8.406944444444445,0.4763297119140625,0.5563609606740677,2.2897269210846845
AVKR,25,58,2,1538,0.9554624512000004,0.00224395264,14.408434544049957,0.056362629693791,11.00158803738318,6.004850841121495,3.887383177570094,0.2173517608642578,0.383303583337939,2.3886163502289386
AVKR,25,58,2,1592,0.9554624512000004,0.00425721856,14.408434544049957,0.0937963312603614,10.818383448275862,5.962403940886699,4.0810344827586205,0.2992710876464843,0.21393469345750762,2.2009813495638277
AVKR,25,58,2,2643,0.9554624512000004,0.01470103552,14.408434544049957,0.2519716015902542,4.559940656205421,5.60567691868759,6.372824536376605,0.5576612548828125,2.2643286657748307,0.6029421723314149
AWAR,28,62,1,2450,0.4822401024,0.01256194048,7.101672796271297,0.239932065653864,10.504769816360602,8.88452487479132,6.121619365609349,0.7766419677734375,0.2514475698224349,0.3885668113453907
AIMR,29,16,2,3346,0.5856087244800001,0.0071303168,7.787785082266892,0.1511528172085932,9.291956705882354,5.514240000000001,7.645147058823531,0.4953668518066406,0.3707413582533005,3.9909296330966453
AIMR,29,16,2,3659,0.5856087244800001,0.00111149056,7.787785082266892,0.0286418562544405,8.697817358490564,4.364172075471698,8.200000000000001,0.2804201965332031,0.2798133936568737,2.716811447415773
AIBL,30,13,2,2084,1.5525216256000005,0.0153092096,20.346934658906942,0.3132483969142252,10.213993205479454,5.0950592876712335,5.381643835616439,1.27321044921875,0.26249188543024937,0.48777492364287045
AIBL,30,13,2,2328,1.5525216256000005,0.00337641472,20.346934658906942,0.0758914031331408,9.299064844720498,4.691828074534162,5.75776397515528,0.4399361267089843,0.10552749487236159,1.122780787095561
AIBL,30,13,2,2407,1.5525216256000005,0.0009437184,20.346934658906942,0.0234490828150902,9.039872,4.576142222222223,5.9,0.2369765014648437,0.40492081577354766,1.403494438355778
AIBL,30,13,2,3574,1.5525216256000005,0.00494927872,20.346934658906942,0.1013884859482317,4.184254915254238,5.905876610169492,8.118008474576271,0.3324745178222656,2.413433365877934,0.27949313358779243
AIBL,30,13,2,3800,1.5525216256000005,0.00536870912,20.346934658906942,0.1179180328269322,6.0022400000000005,4.51904,8.6193359375,0.3529192199707031,0.1701575469351976,0.3832908063455254
AIBL,30,13,2,3960,1.5525216256000005,0.00794820608,20.346934658906942,0.160296043769243,4.263190290237467,5.270925171503959,9.08047493403694,0.439196533203125,2.088115307290118,0.3231574912596679
BDUR,31,70,2,2565,0.4272527769600001,0.00174063616,6.932657680629272,0.0411055468787005,10.292557108433735,7.294827951807232,6.153012048192772,0.31134619140625,4.721802592962855,0.7243832303381046
BDUR,31,70,2,3515,0.4272527769600001,0.0053477376,6.932657680629272,0.1100774140754519,7.716863999999999,4.463354980392156,8.02843137254902,0.3546652221679687,0.4962622414760605,3.7268038939364594
BDUR,31,70,2,3833,0.4272527769600001,0.00721420288,6.932657680629272,0.1778495906479432,7.412093023255815,4.134042790697674,8.77921511627907,0.6344014892578125,0.4027961347547133,4.457607459533603
SIAVR,32,161,3,2303,0.3914124492800001,0.00171966464,8.21765407604798,0.0548417015665704,7.875309268292684,4.619738536585366,5.711585365853658,0.31008837890625,0.0,0.34081553698947004
SIAVR,32,161,3,4572,0.3914124492800001,0.00457179136,8.21765407604798,0.1293577234511914,6.447160366972478,4.053348990825688,10.545871559633028,0.5141815185546875,0.0,1.0907297310734796
SIAVL,33,160,3,5078,0.41362128896,0.00583008256,8.580927754234411,0.1516798890813725,4.293212086330936,4.842488633093525,11.683453237410072,0.7016782836914063,0.0,1.043624582763532
ASHL,35,33,1,3014,1.0341685657600002,0.0098566144,11.680485690549723,0.2155619000236834,5.316433702127661,7.686797617021277,7.113617021276595,0.7214542846679688,0.3585567470891483,0.4352398693425021
ASHL,35,33,1,5127,1.0341685657600002,0.00910163968,11.680485690549723,0.2009774359600732,4.063769953917051,4.141112626728111,11.780529953917052,0.7448811645507812,2.5320393124127607,2.5925320554163425
SMDDR,36,171,3,1238,1.4895022080000002,0.00847249408,18.30088454601913,0.1608231156420219,9.03005782178218,9.441736237623765,3.270792079207921,0.3888969116210937,0.5012578904190751,0.3346151298776351
SMDDR,36,171,3,1281,1.4895022080000002,0.01025507328,18.30088454601913,0.1803518890813727,9.636531042944789,9.053835255623722,3.362781186094069,0.4418094787597656,0.35932163669076,0.29730271834827454
SMDDR,36,171,3,1301,1.4895022080000002,0.00339738624,18.30088454601913,0.081011403133141,7.924242962962962,9.741147654320988,3.3824074074074075,0.3360683288574219,0.3869116860968237,0.3068614177724196
SMDDR,36,171,3,1447,1.4895022080000002,0.00350224384,18.30088454601913,0.0824595578210111,7.5973441916167666,9.572867065868266,3.7128742514970057,0.2820142517089843,0.675801772693732,0.522221546754394
SMDDR,36,171,3,2945,1.4895022080000002,0.02099249152,18.30088454601913,0.5370022969379094,6.245172427572428,4.506684355644356,7.476173826173826,1.6493809814453124,6.706276609717475,0.4543866279815625
SMDDR,36,171,3,3251,1.4895022080000002,0.0063963136,18.30088454601913,0.1501589609541522,7.086617180327869,9.881633573770491,7.49655737704918,0.7086015014648438,4.102708111275242,0.23944335091507224
PVQR,37,110,2,2656,0.8107589632000002,0.00905969664,8.687516327721118,0.192858209399423,10.611389629629633,8.508065185185187,6.347800925925926,0.9017266235351562,0.38351106815129293,0.21330205941364788
PVQR,37,110,2,3296,0.8107589632000002,0.00694157312,8.687516327721118,0.1428152703298926,9.90501897280967,5.615232386706949,7.579607250755288,0.4707725830078125,1.2147336242254827,0.8056155384495443
RIFR,38,121,2,3294,0.7770787020800002,0.01585446912,9.826088037238955,0.2853217891050557,8.815231322751323,5.116776296296297,7.61574074074074,0.7732534790039063,2.723860393694043,2.712077742841749
RIFR,38,121,2,4606,0.7770787020800002,0.00278921216,9.826088037238955,0.0639547843816608,5.81016060150376,3.343629473684211,10.55112781954887,0.2446835632324218,0.2553039010053514,0.9071961752271386
DVA,39,75,1,2002,1.5351152640000003,0.0070254592,19.26153514635072,0.1407974140754517,11.181774328358207,6.842520835820895,5.126119402985075,0.5474689331054687,1.0939151117519095,0.3452134856133852
DVA,39,75,1,2250,1.5351152640000003,0.01723858944,19.26153514635072,0.2940107172322757,5.887800681265207,8.795263065693431,5.632055961070559,0.9793823852539062,3.2931988171292526,4.728564649467897
DVA,39,75,1,2603,1.5351152640000003,0.01958739968,19.26153514635072,0.354251026608016,8.606752890792292,4.55837875802998,6.437687366167025,1.361393310546875,1.6933627522955044,3.8381196217117655
DVA,39,75,1,5632,1.5351152640000003,0.00929038336,19.26153514635072,0.199820375029604,5.140295079006772,2.790457787810384,13.038374717832957,0.8290779418945312,6.268316909543338,10.778703625785273
PVCR,40,102,2,3460,0.25031606272,0.0023068672,4.889081864679372,0.0643789390695311,7.689681454545457,4.160605090909091,7.872727272727273,0.2984960327148437,3.9131931590799383,0.5497249209832288
PVCR,40,102,2,4629,0.25031606272,0.00694157312,4.889081864679372,0.1430637343935024,5.144811117824773,3.8109505740181273,10.64441087613293,0.4441776733398437,0.6770575673264043,0.8121495116931575
AWAL,41,61,1,2684,0.46424653824,0.00541065216,6.968779318037498,0.1080294140754519,9.866994108527132,9.304429147286823,6.371317829457365,0.3514532470703125,0.32314168999049875,7.801279801984928
AWAL,41,61,1,3086,0.46424653824,0.00648019968,6.968779318037498,0.1553215906479432,4.613832491909386,7.315071585760518,7.138673139158576,0.4116087646484375,0.2117156280898464,3.3592740471053375
AIAL,42,11,2,2973,0.9854097817600002,0.00564133888,11.749668563965397,0.1117740328269321,5.954198364312268,9.18691687732342,6.918587360594796,0.4119911804199219,0.4847046338406562,0.2880329658740009
AIAL,42,11,2,3347,0.9854097817600002,0.01379926016,11.749668563965397,0.2233723750296041,4.927649848024316,8.07064510638298,7.682522796352584,0.527680419921875,0.5766343740423661,0.3131067577603445
AIAL,42,11,2,3886,0.9854097817600002,0.00394264576,11.749668563965397,0.0942204859482315,3.902420425531915,5.485371914893617,8.912234042553191,0.3172188720703125,0.5907014841577328,0.3287108426756429
ASJL,56,37,1,2899,0.8614261555200001,0.0065011712,8.770600702750732,0.1361743422026716,9.718222451612904,9.114657032258064,6.820322580645162,0.4298124389648437,0.32435366941070154,0.5867812192748969
ASJL,56,37,1,2969,0.8614261555200001,0.01296039936,8.770600702750732,0.2573702093994237,9.751363106796116,8.951648932038836,6.992799352750808,0.8569561767578125,0.304161632421687,0.44389931017444495
ASJL,56,37,1,4024,0.8614261555200001,0.00318767104,8.770600702750732,0.083483557821011,3.8208673684210535,5.717692631578949,9.200328947368424,0.4314883728027344,0.2754076821525542,0.4325902109255873
PVQL,57,109,2,2932,1.0340007936000002,0.0147849216,10.939503701492024,0.2702705406597847,9.303526581560286,9.345474269503546,6.872411347517732,0.7431588745117188,0.36459515876788545,0.5089964987822401
PVQL,57,109,2,3675,1.0340007936000002,0.00476053504,10.939503701492024,0.1174211046997114,6.0342921585903095,8.721322290748898,8.286563876651982,0.5864369506835938,1.312690456478351,0.5613444396993011
PVQL,57,109,2,3728,1.0340007936000002,0.00652214272,10.939503701492024,0.1313755797056322,6.022502893890676,8.40562418006431,8.349678456591638,0.5626776123046875,1.145063526788205,0.357531628040724
PVQL,57,109,2,3744,1.0340007936000002,0.00400556032,10.939503701492024,0.1106772593875819,4.278389947643981,6.311914554973824,8.510471204188482,0.348921142578125,0.27982008539651276,0.7752402788385815
PVQL,57,109,2,3889,1.0340007936000002,0.00652214272,10.939503701492024,0.1426395797056324,4.28275652733119,6.192532990353698,8.931350482315112,0.5125859375,0.3111563955494576,0.44201997043099783
PVQL,57,109,2,5735,1.0340007936000002,0.00096468992,10.939503701492024,0.0228492375029604,4.1529878260869575,4.609335652173914,13.149999999999997,0.1568122253417968,2.2558299523278045,4.246857708333063
AIML,58,15,2,3063,0.6265451315200001,0.01124073472,7.871577391642635,0.2518385406597847,6.427357611940299,8.157306268656717,7.246921641791046,0.9587648315429688,0.46920782967973623,1.738350099865222
AIML,58,15,2,3102,0.6265451315200001,0.00270532608,7.871577391642635,0.0697474031331413,6.343719689922481,8.272014883720932,7.169767441860466,0.2446829986572265,0.5881237136250888,1.7111979767876877
AIML,58,15,2,3595,0.6265451315200001,0.0014680064,7.871577391642635,0.0372580109423107,5.242002285714286,7.699894857142856,8.125714285714285,0.1936577453613281,0.39695753829242675,0.6276058460861154
RMGL,60,145,2,1693,1.1109033574400005,0.02556428288,13.23450638936209,0.4264404406834681,5.782080262510254,8.621508777686628,4.480352748154225,0.77318505859375,0.5843294272833292,0.6016278106834709
BDUL,61,69,2,2661,0.3362992947200001,0.0069206016,6.147659207118875,0.1692635797056325,7.955362909090909,8.973901575757576,6.394848484848485,0.660154296875,4.558265775683532,1.975032748327933
AVBR,62,46,2,2334,0.7251112755200002,0.00935329792,11.301937271750887,0.1725840437692427,4.830662600896862,7.493108520179373,5.814910313901345,0.587098388671875,0.0,0.2582022958238269
AVBR,62,46,2,2355,0.7251112755200002,0.00413138944,11.301937271750887,0.0907243312603612,5.089124060913705,7.599743350253807,5.804314720812182,0.3623058471679687,0.0,0.16777768184907887
PVCL,65,101,2,2511,0.36001808384,0.00236978176,6.075783716447246,0.0637790937574009,5.863985840707967,8.358377345132745,6.058407079646017,0.2318313598632812,0.9825216916208251,3.2856127894537828
PVCL,65,101,2,4575,0.36001808384,0.00855638016,6.075783716447246,0.1893921984571128,5.003143529411765,4.203369411764706,10.510049019607845,0.64530322265625,0.5680591952877955,0.5783952244280846
PVCL,65,101,2,4699,0.36001808384,0.0034603008,6.075783716447246,0.0862041765724915,5.242383515151516,4.138325333333333,10.785151515151515,0.3084928588867187,0.7245512010023906,0.8576740793049427
AUAL,66,41,2,2166,0.9825366835200002,0.01210056704,11.252783129500848,0.2091268062662819,9.26114828422877,9.896489705372616,5.42261698440208,0.7301577758789063,0.4763114192603878,0.3630881651071748
AUAL,66,41,2,2582,0.9825366835200002,0.004718592,11.252783129500848,0.1051331046997116,5.295763911111112,8.880219022222223,6.200444444444444,0.7041539306640625,0.4576004220496364,0.6027824663604284
AUAL,66,41,2,2650,0.9825366835200002,0.00530579456,11.252783129500848,0.0924209500118415,4.000075889328064,7.381380553359684,6.275296442687748,0.4663229370117187,0.2988457373889581,0.7330929612205553
PVPL,67,107,2,2321,0.55528390656,0.00459276288,7.446402100923644,0.097965104699711,8.752441278538814,9.407520730593609,5.728310502283105,0.2711629943847656,0.17037979929661895,4.595754652059859
PVPL,67,107,2,2420,0.55528390656,0.00773849088,7.446402100923644,0.130702960954152,5.4481795121951215,8.08804596205962,5.961246612466124,0.4083491821289062,1.0383319918770626,1.0325441339304562
ADLL,68,7,1,3037,0.9649625497600004,0.013631488,8.952629410536213,0.2600305406597846,9.68555913846154,9.880119138461538,7.103692307692309,0.8332388305664062,0.4477101436438293,0.5249097402947939
AWCR,69,66,1,2665,1.2816534732800002,0.00301989888,17.213239400541234,0.0674509390695304,9.132657777777778,10.130204444444445,6.346875000000001,0.2703074645996093,0.3148122047696273,2.537320419568801
AWCR,69,66,1,2666,1.2816534732800002,0.00580911104,17.213239400541234,0.1006129500118419,9.659462238267148,10.29175451263538,6.2947653429602894,0.2957572021484375,0.33047835819428223,2.150982303233058
AWCR,69,66,1,3261,1.2816534732800002,0.01157627904,17.213239400541234,0.2057460547115531,10.460790724637684,4.82919884057971,7.537318840579711,0.5935695190429687,0.3086331245741035,0.4961783167271341
AWCR,69,66,1,3380,1.2816534732800002,0.00520093696,17.213239400541234,0.1246618781390618,3.791690322580646,5.516056774193549,7.778427419354839,0.4713839111328125,0.334278584230629,2.206192751782393
URBL,70,178,2,2075,0.6045879500800002,0.00161480704,8.893284324730077,0.0458741656301808,6.6176997402597415,10.24452155844156,5.197402597402596,0.2174785003662109,1.9551668832678795,1.5708655459435807
URBL,70,178,2,2193,0.6045879500800002,0.00910163968,8.893284324730077,0.1737535906479429,6.804314838709679,8.387362211981568,5.574769585253456,0.5762700805664063,0.47149502492686307,0.5616661598335876
URBL,70,178,2,2513,0.6045879500800002,0.00700448768,8.893284324730077,0.1456388062662826,7.035738443113772,8.58240766467066,6.142365269461078,0.4024779052734375,0.27777713350763183,0.865251008091819
AINL,73,17,2,1914,0.8373718220800002,0.00067108864,11.657079237428418,0.0236975468787004,10.66368,9.77088,4.800000000000001,0.2514570617675781,0.9475621064605749,0.0
AINL,73,17,2,2771,0.8373718220800002,0.01314914304,11.657079237428418,0.2104419000236836,10.34965129186603,4.201797001594896,6.679027113237639,0.4696627807617187,0.49038605984741906,0.0
AINL,73,17,2,4132,0.8373718220800002,0.00752877568,11.657079237428418,0.147862496890542,5.318581838440113,2.8657167688022285,9.553621169916434,0.3709028930664062,0.4078430047333114,0.0
ADLR,74,8,1,3519,0.9899186585600004,0.00845152256,8.595223266790654,0.1717055906479431,10.08632377171216,5.175748287841191,8.109925558312655,0.6438225708007812,0.7202642044776176,0.9939479990550171
AVER,75,50,2,4672,0.6860832768000003,0.00054525952,12.137219834295292,0.0170566187514802,4.854547692307692,4.749784615384616,10.65,0.1525709381103515,0.0,0.21969075388375342
AVEL,76,49,2,3181,0.7902697881600003,0.01581252608,13.661131609466992,0.2779656125325647,5.979290822281167,4.051128700265252,7.455503978779841,0.6077742309570312,0.0,0.3640237527558483
SIBDR,77,163,3,2242,0.6016729088000002,0.00295698432,10.67366591388249,0.0732435578210111,11.062831205673762,5.822420425531916,5.6035460992907815,0.3895117797851563,0.0,3.5885402490597533
SIBDR,77,163,3,2408,0.6016729088000002,0.0028311552,10.67366591388249,0.0599315578210111,8.66258488888889,4.876060444444445,5.921851851851851,0.3257499389648438,0.0,1.0497824751069176
RIMR,78,126,2,1522,2.3506767052800006,0.02126512128,22.82230992325475,0.380917656301808,9.734240946745564,9.270088205128204,3.977268244575937,1.26064697265625,0.45114425683264286,0.3189079229885518
RIMR,78,126,2,1718,2.3506767052800006,0.00572522496,22.82230992325475,0.1290063422026717,10.400614212454212,8.704600146520146,4.417765567765568,0.4468255310058593,0.7201611135235984,0.9594054971463462
RIMR,78,126,2,1810,2.3506767052800006,0.01392508928,22.82230992325475,0.1977723750296041,10.674860722891568,8.172352771084338,4.573870481927711,0.6059607543945312,0.30075536589470475,0.5384206548820477
RIMR,78,126,2,1905,2.3506767052800006,0.00683671552,22.82230992325475,0.1325752703298922,11.301065030674849,6.1748456441717785,4.883742331288344,0.3709049987792969,1.4940133232341837,0.3446404749596186
RIMR,78,126,2,2034,2.3506767052800006,0.0123731968,22.82230992325475,0.1914100547115533,4.8711506440677965,7.460412745762711,5.189152542372882,0.5074894714355469,0.3980853501353491,0.4256968687412595
RIMR,78,126,2,2755,2.3506767052800006,0.01186988032,22.82230992325475,0.2206392703298923,4.897506148409894,5.583224310954064,6.551943462897527,0.7018076171875,0.7147555215540865,2.1878376077563213
RIMR,78,126,2,2963,2.3506767052800006,0.01117782016,22.82230992325475,0.2210031375266436,5.350121425891183,4.910704390243903,7.009568480300188,0.5833654174804688,0.5695734056965025,1.3754436037567515
RIMR,78,126,2,3709,2.3506767052800006,0.027262976,22.82230992325475,0.5034161313077278,6.293393723076924,4.306880984615384,8.694961538461538,1.0890279541015624,1.0201840355475666,0.33570360155850476
RIML,79,125,2,1520,2.5784064409600007,0.00473956352,24.884770782737093,0.0832049500118416,10.951000353982302,8.031694159292035,3.861504424778761,0.5063825988769531,0.5833922899220929,1.9761050020695405
RIML,79,125,2,1757,2.5784064409600007,0.00425721856,24.884770782737093,0.0934449500118415,10.875787980295566,5.981269753694582,4.473891625615763,0.3060088806152344,0.5017117221200769,0.38547801233338486
RIML,79,125,2,1860,2.5784064409600007,0.01654652928,24.884770782737093,0.302396065653864,8.619562179974652,9.566236552598228,4.741888466413181,0.9739874877929688,0.4755946295612813,0.39079859817781554
RIML,79,125,2,1902,2.5784064409600007,0.00813694976,24.884770782737093,0.1670097453358131,10.054835463917527,4.776590515463918,4.934536082474228,0.6539343872070312,1.591283284989417,0.3109427245799102
RIML,79,125,2,1967,2.5784064409600007,0.02489319424,24.884770782737093,0.3977985844290271,4.875085425442292,9.01861903959562,5.175273799494525,1.1307037353515623,0.5327953437935112,0.6554959928944264
RIML,79,125,2,2019,2.5784064409600007,0.00813694976,24.884770782737093,0.1415428062662818,5.712864329896907,9.3497006185567,5.12409793814433,0.3931397705078125,0.9808285146808328,0.5794549779106588
RIML,79,125,2,2083,2.5784064409600007,0.01327497216,24.884770782737093,0.2749965297174739,8.942933333333333,4.400029320695103,5.301579778830964,0.896921630859375,0.4509655567830765,0.38502501053568494
RIML,79,125,2,2809,2.5784064409600007,0.00643825664,24.884770782737093,0.1166757125088811,6.6600693159609134,4.08545980456026,6.603257328990229,0.4316627807617187,1.1196538685058366,0.44832024689069805
RIML,79,125,2,3117,2.5784064409600007,0.01243611136,24.884770782737093,0.2314916015902531,5.428512377740304,4.390974165261382,7.318634064080945,0.577216796875,0.49772073339422074,0.5491140160818725
RIML,79,125,2,4294,2.5784064409600007,0.00580911104,24.884770782737093,0.116966806266282,4.799639566787005,4.698940072202166,9.887545126353793,0.5028314819335937,0.5202451917188811,0.3837824919869501
RIML,79,125,2,4463,2.5784064409600007,0.00308281344,24.884770782737093,0.0576350937574009,4.743697414965987,4.48275156462585,10.246938775510204,0.3043664245605468,0.2597214217216333,0.427791443634261
RIML,79,125,2,4871,2.5784064409600007,0.0018874368,24.884770782737093,0.0508184750059208,3.683441777777778,3.937848888888889,11.103333333333332,0.2046258544921875,1.4542805520722282,1.2767310585997673
RIGL,80,122,2,1764,1.2836247961600005,0.01518338048,15.244258806665409,0.2359088390932139,5.076041546961326,8.706036685082873,4.512983425414364,0.705989990234375,0.4307310919572758,1.545963127371402
RIGL,80,122,2,1792,1.2836247961600005,0.0008388608,15.244258806665409,0.0208012375029603,7.484928000000001,9.843712,4.45,0.1875329895019531,0.15402520147040888,0.26919661596684386
RIGL,80,122,2,1947,1.2836247961600005,0.0004194304,15.244258806665409,0.0144087734393503,6.855680000000001,9.596928,4.900000000000001,0.2429739990234375,0.9524750907315112,0.7941955006067464
RIGL,80,122,2,2059,1.2836247961600005,0.01327497216,15.244258806665409,0.2100177453358129,4.614147235387047,8.039775039494472,5.280647709320696,0.4808848266601562,0.5581094373637349,0.5258567868840929
RIGL,80,122,2,2999,1.2836247961600005,0.00291504128,15.244258806665409,0.069747403133141,4.225510215827338,5.075209208633093,6.962589928057555,0.2609227600097656,0.553259612715251,0.38870484316041437
AVHL,81,53,2,2515,0.4378433945600001,0.00484442112,7.502779358815708,0.0903729500118414,8.456200865800868,9.274691601731606,6.156277056277056,0.3538103637695312,2.4008534948475093,5.141154168020152
SMBDR,83,167,3,1607,1.1029551513600002,0.00956301312,14.455107075262944,0.1831026515784118,8.38961403508772,8.794408421052632,4.181469298245614,0.557685791015625,0.2453356157478061,0.7324676675577654
SMBDR,83,167,3,3351,1.1029551513600002,0.01587544064,14.455107075262944,0.2698765297174744,7.714872813738442,9.81611540290621,7.664993394980184,0.7801673583984375,0.2797186248984532,3.70370310237922
SAAVL,84,151,2,1696,0.9162037657600002,0.01841299456,13.288613929785033,0.325742231284044,6.082909886104784,9.10340665148064,4.432915717539864,0.92768505859375,5.514548161649977,0.41159473499330856
SAAVL,84,151,2,1864,0.9162037657600002,0.01375731712,13.288613929785033,0.2308917562781237,10.587504390243904,4.79091512195122,4.823628048780488,0.7008945922851563,0.2923254311518184,4.835740303967447
SAAVL,84,151,2,2031,0.9162037657600002,0.01054867456,13.288613929785033,0.1673912703298921,10.531931610337974,5.843925248508947,5.175844930417496,0.4930563049316406,1.1202481919872374,3.886507859766607
ASJR,85,38,1,2865,0.6914729574400001,0.01214251008,7.991078782337943,0.3254334797293157,10.35587647668394,8.549781001727117,6.9026770293609685,1.54987060546875,0.3577069766356427,0.48228231818939327
ASJR,85,38,1,3430,0.6914729574400001,0.0118489088,7.991078782337943,0.2601033140991352,9.558976566371683,5.256255433628319,7.92212389380531,0.9118988037109376,0.28929048382101274,0.48786763517328685
ASJR,85,38,1,5009,0.6914729574400001,0.00295698432,7.991078782337943,0.0842590937574007,5.436205390070922,2.59689304964539,11.423049645390073,0.4187158508300781,2.3292923685626405,5.769628943623258
URBR,86,179,2,2502,0.4924322611200001,0.0084934656,7.181255844763934,0.1486806625207229,9.19916088888889,5.55250725925926,6.089506172839506,0.5328114013671875,0.27235689190043316,1.4742423806851195
ASKL,87,39,1,3389,0.6949122867200002,0.00432013312,8.4299682854474,0.0942204859482313,5.766909514563107,8.51341669902913,7.718932038834952,0.3640142517089844,0.4382375566338599,0.6657854059517957
ASKL,87,39,1,3743,0.6949122867200002,0.00065011712,8.4299682854474,0.0173050828150902,4.375452903225806,6.127483870967744,8.35,0.1543277282714844,0.8471054869610656,0.34326035295459123
SMBDL,88,166,3,1984,0.9931273011200002,0.01035993088,13.92841237991529,0.189828839093214,8.450653279352228,9.291908663967613,5.101315789473684,0.8241661987304687,1.160955919976398,6.50939189015979
SMBDL,88,166,3,2504,0.9931273011200002,0.00226492416,13.92841237991529,0.0586590937574012,10.339934814814818,6.375917037037039,6.08888888888889,0.3872694091796875,1.6428171338948143,6.162883751285826
SMBDL,88,166,3,3691,0.9931273011200002,0.00140509184,13.92841237991529,0.0468981656301805,4.984587462686568,4.713762388059701,8.33955223880597,0.3274578247070313,6.396699309406176,0.471174366364137
AVHR,89,54,2,4747,0.4992060620800001,0.00373293056,8.772179776119025,0.0973652593875816,4.6233024719101135,4.750554606741572,10.88679775280899,0.2967385559082031,3.1966427364957153,0.20399119654892164
AVJR,90,56,2,4812,0.4154667827200001,0.01061158912,7.513642033774256,0.1722326625207224,4.76455462450593,4.357949723320158,11.048320158102769,0.4221031188964844,0.3755413589304602,0.7663691569799168
URYVR,92,185,1,1642,0.71741472768,0.0109051904,8.993135999451809,0.213308065653864,6.878995692307693,4.174217846153846,4.371634615384616,0.635881591796875,0.6331636932954801,1.5788942484808892
URYVR,92,185,1,2043,0.71741472768,0.0137363456,8.993135999451809,0.333231468787005,7.0766998473282445,3.6619178015267178,5.513358778625954,1.02821240234375,0.11471166020820393,0.39409907850179854
ASER,93,30,1,2343,1.3357599948800003,0.03319791616,15.88888402078823,0.6585921750769705,9.743330890713835,10.287480480101074,5.917182564750474,2.6605380859375,0.37011576019298537,0.44889268269652194
URXR,94,181,1,2406,0.9565529702400002,0.00404750336,10.461715571679836,0.0537147843816608,9.346520207253889,4.204872953367876,6.0,0.421720947265625,0.12244282609501185,0.22855075443613368
URXR,94,181,1,2637,0.9565529702400002,0.00507510784,10.461715571679836,0.0977894140754518,10.106033719008266,4.674009917355372,6.324173553719008,0.540313232421875,0.978347775008284,0.30318413014386764
ALA,100,23,2,2728,0.3779487334400001,0.01430257664,4.988045997482621,0.2860848390932141,10.955598826979472,8.324189090909092,6.560043988269794,0.9796038818359376,3.087276069292861,0.0
ALA,100,23,2,2731,0.3779487334400001,0.01491075072,4.988045997482621,0.2826188281509033,8.749453502109706,9.725033136427566,6.566807313642757,0.8151055908203125,2.6365359227979703,0.0
ALA,100,23,2,2787,0.3779487334400001,0.00071303168,4.988045997482621,0.0230249281272203,11.104978823529413,8.088997647058823,6.514705882352941,0.1449424133300781,2.977789836489531,0.0
RIS,108,130,2,1239,2.3601977753600005,0.00547356672,27.86921996151557,0.1100774140754518,9.173392183908046,9.659811800766285,3.2538314176245207,0.58589599609375,0.6857655670768147,5.917066751558424
RIS,108,130,2,1300,2.3601977753600005,0.00987758592,27.86921996151557,0.1660585187751633,9.510068450106155,9.56472526539278,3.3812101910828023,0.463663818359375,0.32005408036650856,5.8750533943884
RIS,108,130,2,1421,2.3601977753600005,0.01254096896,27.86921996151557,0.1972629609541518,11.20375866220736,6.481851505016723,3.718060200668897,0.565465087890625,0.542185045430103,4.078367291816455
RIS,108,130,2,1503,2.3601977753600005,0.01052770304,27.86921996151557,0.1704331265843329,4.872485737051792,8.05198533864542,3.79890438247012,0.6187655029296875,1.5284609865686127,1.82367831808702
RIS,108,130,2,2495,2.3601977753600005,0.012058624,27.86921996151557,0.1848720437692428,6.2877161739130445,3.816011686956522,6.113217391304349,0.5515125732421875,0.3419102674696381,0.6738196066517277
RIS,108,130,2,4134,2.3601977753600005,0.00239075328,27.86921996151557,0.064203248445271,7.331121403508773,3.9961150877192986,9.489912280701756,0.3428424987792969,3.2672238951909534,2.843308327794709
RIS,108,130,2,4744,2.3601977753600005,0.01516240896,27.86921996151557,0.3325287062899656,4.830702295988935,3.421859585062241,11.094398340248963,1.0233939208984375,4.9439933227222195,4.242743901479538
AVAR,109,44,2,4295,0.7778756198400001,0.01728053248,12.3130257094433,0.2872543859719152,5.605082718446602,4.900038834951457,9.98756067961165,0.64391455078125,0.0,0.39006106061393475
AWCL,110,65,1,2583,1.15502743552,0.01000341504,15.117619559715653,0.1545761984571128,11.737100880503148,8.970712285115304,6.19874213836478,0.6145023193359375,0.36305176433979325,0.6252097103074861
AWCL,110,65,1,2686,1.15502743552,0.0034603008,15.117619559715653,0.0727466296937905,10.483277575757578,9.784847515151515,6.398484848484848,0.2768710632324219,0.45437073140751977,0.7318168189929887
AWCL,110,65,1,2873,1.15502743552,0.00339738624,15.117619559715653,0.0806600218846216,9.64721777777778,10.070976790123456,6.736728395061728,0.2549239654541015,0.6201418682426174,0.37499793105179197
AWCL,110,65,1,3071,1.15502743552,0.00595591168,15.117619559715653,0.1109558671967511,10.20891943661972,4.287531267605635,7.091021126760564,0.5387431030273437,0.24501724303584016,1.2278905076704274
AWCL,110,65,1,4630,1.15502743552,0.00530579456,15.117619559715653,0.1429181875148021,3.663167747035573,4.1325078260869565,10.685375494071147,0.5361402587890625,3.8095302031087375,1.454429805355348
RIBR,111,116,2,1187,1.3891325132800003,0.00937426944,17.734497142886,0.199893148468954,10.873138970917228,8.276760626398211,3.1458612975391507,0.993862548828125,2.1220896402334475,0.26889441545455117
RIBR,111,116,2,1380,1.3891325132800003,0.004194304,17.734497142886,0.0923180328269321,10.2755328,5.5184384,3.59375,0.4304585571289062,2.223990154138817,0.21931965028788408
RIBR,111,116,2,1943,1.3891325132800003,0.00926941184,17.734497142886,0.161889745335813,11.47158009049774,8.442856832579185,4.972285067873303,0.5088633422851563,0.4587892646290768,0.2790169620486153
RIBR,111,116,2,2082,1.3891325132800003,0.03170893824,17.734497142886,0.4885104297411567,7.9730048677248675,3.600741587301588,5.5210317460317455,1.0925535888671876,1.1814167732934926,0.4119601438871056
RIBR,111,116,2,2160,1.3891325132800003,0.00952107008,17.734497142886,0.1820911375266436,11.326251982378857,5.995362114537445,5.425330396475771,0.715951416015625,0.8040696144378932,0.411300561533544
RIBR,111,116,2,2275,1.3891325132800003,0.00310378496,17.734497142886,0.0838047953239712,10.835165405405409,5.380566486486487,5.651351351351352,0.2991435852050781,0.4038608952050486,0.46859398454472134
RIBR,111,116,2,2330,1.3891325132800003,0.01461714944,17.734497142886,0.2731969937810845,10.738718852223816,4.886904103299857,5.91571018651363,1.01612451171875,0.20415895500496625,0.4292544948967505
OLQDR,112,96,1,857,0.6093484851200002,0.0091226112,7.285071713456205,0.2000262093994235,10.964285793103448,6.280721655172416,2.348390804597701,0.7105665283203125,1.6534360570837832,1.4380638598169626
SIADL,116,158,3,2101,0.46959427584,0.00132120576,9.10830024018263,0.0277935468787004,6.163179682539682,9.372688253968256,5.199999999999998,0.2429740753173828,0.0,4.050433830481559
SIADL,116,158,3,2147,0.46959427584,0.00700448768,9.10830024018263,0.138616353144983,6.273195688622756,9.528105389221558,5.373502994011976,0.6656776733398437,0.0,4.158631106156368
RMEL,117,140,3,1106,0.7379458457600001,0.01035993088,9.598809981031888,0.2304676015902538,9.404424291497977,5.527692955465588,3.102024291497976,0.8211968383789062,0.3457630343452842,1.5201819472779505
RMEL,117,140,3,1153,0.7379458457600001,0.0046137344,9.598809981031888,0.1048846406361016,8.226164363636364,5.016669090909092,3.100681818181819,0.4286787719726562,0.3121174002831886,0.308487564121667
RMEL,117,140,3,1198,0.7379458457600001,0.01283457024,9.598809981031888,0.2216029828387736,8.754497254901962,5.176721568627452,3.229820261437909,0.5934895629882813,0.23376722289267343,0.8486102701096401
URYDR,118,183,1,763,0.6212183654400002,0.01809842176,8.094488154139674,0.342944396914225,10.9225559212051,7.073312630359212,2.1484356894553884,1.0623897705078125,0.8624266396673717,3.4924729247314805
URYDR,118,183,1,969,0.6212183654400002,0.00144703488,8.094488154139674,0.0298415468787005,11.095411014492758,6.990209855072464,2.550000000000001,0.2497002258300781,0.465843108985691,3.1432364350045603
URYDR,118,183,1,1085,0.6212183654400002,0.00417333248,8.094488154139674,0.092845104699712,11.294359798994977,6.930267336683417,2.9904522613065327,0.3751448974609375,0.2764754993010322,2.796517827706555
URYDR,118,183,1,1865,0.6212183654400002,0.00203423744,8.094488154139674,0.0545630937574009,11.24816494845361,7.176023092783505,4.75,0.2123817901611328,1.2631226659914185,1.386986056688562
URYDL,119,182,1,807,0.7954287820800001,0.00819986432,10.734263663704876,0.165488817208593,7.792299539641944,9.567826496163685,2.1485933503836314,0.6967807006835938,0.9305517603570004,0.5634499817900551
URYDL,119,182,1,871,0.7954287820800001,0.00945815552,10.734263663704876,0.2244868062662817,7.965993436807095,9.727455077605326,2.337028824833703,0.6030022583007812,0.6808207597112702,0.8534383103469176
URYDL,119,182,1,1077,0.7954287820800001,0.01954545664,10.734263663704876,0.5154858109896772,8.005482575107296,9.994833304721032,3.2992489270386267,1.3728916015625,0.1503724636032811,1.144835407525964
IL2DR,120,88,1,617,0.5806594457600002,0.02891972608,6.195444027318508,0.4947999766198578,10.082798549673678,6.676182973168962,1.720449601160261,1.07556396484375,0.34314896817665574,0.0
OLQDL,121,95,1,903,0.5466226688000002,0.00572522496,7.282451869639598,0.1181966406361011,7.06387457875458,9.417049084249085,2.3981684981684985,0.41108837890625,0.5463822657675707,0.5651542457775545
SMDDL,122,170,3,1319,1.3992827289600005,0.0090177536,18.304217496030983,0.1668641984571125,11.112733767441863,7.2250582325581405,3.473139534883721,0.43144189453125,0.3138615075939767,0.32578526005936964
SMDDL,122,170,3,1912,1.3992827289600005,0.00861929472,18.304217496030983,0.1768557343935022,7.959494695863746,9.236629489051095,4.914720194647202,0.6046327514648437,2.6438529431509163,3.23181812289973
SMDDL,122,170,3,2545,1.3992827289600005,0.01728053248,18.304217496030983,0.2255960656538639,4.940153786407767,6.014633009708738,6.182038834951456,0.6333059692382812,6.184716207133212,0.6025469309937573
SMDDL,122,170,3,3126,1.3992827289600005,0.01419771904,18.304217496030983,0.2695251484689542,5.376196632200887,5.1710941211226,7.349409158050223,0.65913427734375,6.769002509314578,0.38750772581321397
SMDDL,122,170,3,3191,1.3992827289600005,0.0025165824,18.304217496030983,0.0664997125088812,11.217408,6.242816,7.340833333333332,0.3427151184082031,4.052600860384736,3.0408202246528444
SMDDL,122,170,3,8011,1.3992827289600005,0.00459276288,18.304217496030983,0.103509259387582,10.975690228310503,7.035207305936074,3.543150684931507,0.3266032409667969,0.22810627305361358,0.43709933218371577
SMDVR,123,173,3,1545,1.4555283456000003,0.00738197504,17.968031572627133,0.1887195797056322,10.788247272727272,7.740218181818182,4.015056818181818,1.0262825927734376,5.872115592627193,0.36967913253246876
SMDVR,123,173,3,2414,1.4555283456000003,0.00876609536,17.968031572627133,0.1663371265843329,4.96056956937799,5.63979023923445,5.99688995215311,0.6589047241210938,0.36525947535368936,0.38814148127687176
SMDVR,123,173,3,2641,1.4555283456000003,0.00715128832,17.968031572627133,0.1493106515784122,5.68545219941349,5.228826275659824,6.357184750733138,0.508114013671875,0.2874142871771272,0.43411997470554736
SMDVR,123,173,3,2778,1.4555283456000003,0.0175112192,17.968031572627133,0.3928116453594951,5.812886227544911,5.032438802395211,6.934371257485029,1.03703662109375,0.2777918372752662,0.41965656445515087
SMDVR,123,173,3,8006,1.4555283456000003,0.00717225984,17.968031572627133,0.1851028500355248,5.624574502923977,8.609025497076024,4.796052631578948,0.5230573120117188,2.4900969859277415,1.3404506588580045
IL2R,124,90,1,1036,0.6375132364800002,0.02713714688,6.987923536883715,0.4327902750532875,9.217709304482227,5.131205440494592,3.0486089644513137,0.9487317504882812,0.5765936507007106,0.7079541219842943
IL1L,125,83,1,1256,0.7179599872000002,0.01916796928,7.22257239786155,0.3664662531686652,6.363902319474836,8.422276761487966,3.547483588621444,1.2455045166015626,0.2651039254733772,0.8092774877680573
IL1L,125,83,1,1371,0.7179599872000002,0.0138412032,7.22257239786155,0.2400048390932142,5.587037090909091,7.876887272727273,3.692727272727273,0.9495292358398436,0.33428759241335915,0.5113396727080314
IL1DL,126,81,1,931,0.8415451545600002,0.02277507072,7.8884010618777936,0.3685142531686656,7.465620036832413,9.174172523020257,2.7469152854511973,1.0361534423828125,0.5807478612479452,0.7502545463132949
IL1DL,126,81,1,1019,0.8415451545600002,0.0040894464,7.8884010618777936,0.0910455687633219,6.948916512820513,9.16054646153846,2.768974358974359,0.3794331665039062,0.5105800980057668,1.142327313919596
IL1DL,126,81,1,1050,0.8415451545600002,0.00260046848,7.8884010618777936,0.0604586296937909,7.624175483870968,8.893605161290324,2.7915322580645165,0.2657768859863281,0.3208621598592656,0.4769991273988151
IL1DL,126,81,1,2264,0.8415451545600002,0.00134217728,7.8884010618777936,0.0406813921908304,8.259200000000002,10.2816,5.596875,0.2029974060058594,2.8418528057633448,1.1546745841253276
IL1DL,126,81,1,8005,0.8415451545600002,0.0082837504,7.8884010618777936,0.1760375687633219,7.719715645569621,9.294809113924051,2.450506329113924,0.6336768798828125,0.531352257366917,0.7144961599006091
IL2DL,127,87,1,653,0.4989544038400001,0.00710934528,5.592522063136489,0.1389677343935026,7.642906430678466,8.576226548672567,1.646017699115044,0.4213284912109375,0.4206789695542508,0.0
IL2DL,127,87,1,669,0.4989544038400001,0.01203765248,5.592522063136489,0.1865686625207231,7.743081254355402,8.882397212543555,1.6966898954703835,0.4536784973144531,0.4517502612791722,0.0
URADL,128,174,3,862,0.4658823168000001,0.01440743424,6.846891032041911,0.3157080656538639,7.215637612809315,8.326923551673945,2.336535662299855,0.8945181274414062,0.38631832222710494,0.566370313723375
URADL,128,174,3,888,0.4658823168000001,0.00740294656,6.846891032041911,0.1596961984571123,7.792320906515581,10.140674900849858,2.4131728045325778,0.4606582946777344,1.5335685625971358,1.3929315529219737
IL1VR,129,86,1,1516,0.7471523430400002,0.0396361728,6.377723341417645,0.7372343407071515,7.582443682539683,4.46563691005291,4.418412698412698,1.7354757080078125,0.4025828965294088,0.0
IL1DR,130,82,1,896,0.8089763840000002,0.03120562176,7.512143935293459,0.6082581422500383,10.576433548387095,6.938701075268818,2.551209677419355,1.504358154296875,0.4165989835301647,0.0
IL1DR,130,82,1,1003,0.8089763840000002,0.01071644672,7.512143935293459,0.203492220341734,10.292823170254405,6.009056438356165,2.7471624266144814,0.695495849609375,0.4540489335686281,0.0
URADR,132,175,3,762,0.4453931417600001,0.01117782016,6.53968586019281,0.2317702093994232,9.645349943714823,6.388722551594747,2.0720450281425893,0.4569371948242187,0.5916762251248139,0.47154000469191776
URADR,132,175,3,797,0.4453931417600001,0.00648019968,6.53968586019281,0.142142651578412,11.232650355987056,6.930524789644015,2.1388349514563103,0.4560122375488281,1.303444120412237,1.5477407106095034
URAVR,133,177,3,1309,0.3654916505600001,0.01874853888,5.133629688106878,0.4182962422263547,7.604883758389263,5.055032125279642,3.654697986577181,1.311453857421875,0.363092212137757,0.38059501269609264
OLQVR,134,98,1,2889,0.5098595942400002,0.00478150656,6.129393441393964,0.1053087953239715,8.23448701754386,4.702046315789475,6.8142543859649125,0.6206956176757813,0.7777836493397773,0.44182029623225455
IL2VR,135,92,1,1082,0.4986608025600001,0.01952448512,5.531538503819949,0.3935871812958866,7.289802105263159,4.6665142857142845,3.167561761546724,0.961214111328125,0.3846532956429674,0.8159801126263658
URAVL,136,176,3,2548,0.3839465881600001,0.0051380224,6.172898369521179,0.1065812593875816,4.534940734693876,6.793759346938777,6.11795918367347,0.3564216918945312,2.248624421532746,0.4692428677809215
IL1VL,137,85,1,990,0.8003151462400002,0.01549795328,8.018699668191443,0.2564616125325642,4.639870094722599,6.3786470365358605,4.020027063599459,3.35202099609375,0.8349071420507298,2.91316897629731
IL1VL,137,85,1,1647,0.8003151462400002,0.02311061504,8.018699668191443,0.4637587391168975,5.006114845735027,6.258219673321235,4.555762250453721,1.744224365234375,0.5505264865059851,2.3209759027274566
IL2VL,138,91,1,1136,0.5157106483200001,0.0135266304,5.891278569473818,0.3326742531686661,5.5901509457364345,6.153366821705427,3.3168217054263573,1.17038134765625,0.3871562359332027,0.2558297860759608
IL2VL,138,91,1,1180,0.5157106483200001,0.01516240896,5.891278569473818,0.3542811703535751,5.382529239280776,6.225098533886584,3.3612033195020747,1.1412445068359376,0.31800400303255416,0.4122450417428291
OLQVL,139,97,1,945,0.5905999462400001,0.00494927872,6.563983252383636,0.1242075797056325,5.284187118644068,7.627845423728814,2.568432203389831,0.5892350463867188,0.2555971427889912,0.4630970777151768
OLQVL,139,97,1,1465,0.5905999462400001,0.0037748736,6.563983252383636,0.0850044859482313,4.655104000000001,6.545408,3.7716666666666674,0.3751454772949218,1.5285059424040341,1.354446437072274
IL1R,140,84,1,1290,0.7464602828800002,0.00274726912,7.474227933797938,0.0670267843816609,9.71174106870229,5.663423511450382,3.352671755725192,0.2454242858886718,0.3425191150833344,1.0964229671289503
IL1R,140,84,1,1432,0.7464602828800002,0.00687865856,7.474227933797938,0.1155487953239715,8.64730536585366,4.840647804878049,3.743140243902439,0.5484967651367187,0.300780229536471,0.947790257080435
IL1R,140,84,1,1551,0.7464602828800002,0.0285212672,7.474227933797938,0.5851427828861395,9.249189647058824,5.218906352941176,4.118676470588235,1.2301929931640625,0.5551368242281515,0.3037751712039685
OLLL,141,93,1,1143,1.0892817203200005,0.00153092096,11.961246837523158,0.0450258562544404,7.705529863013699,9.410980821917809,2.9876712328767123,0.2958489990234375,0.2603551647838226,0.43391864033119354
OLLL,141,93,1,1190,1.0892817203200005,0.02634022912,11.961246837523158,0.4996237110133601,6.27563617834395,8.681612229299363,3.2692675159235667,1.8735982666015625,0.4907640268006021,1.0124838422346565
OLLL,141,93,1,2109,1.0892817203200005,0.0039845888,11.961246837523158,0.0790361765724915,4.89806147368421,5.320380631578948,5.300263157894737,0.3075914916992187,0.39467828641607905,1.4656443810247366
OLLR,142,94,1,1042,0.9971957760000004,0.00878706688,11.550620695273118,0.1651374359600732,10.665583198090694,6.209350262529834,2.851909307875895,0.5310677490234375,0.4360035108908018,0.44811785507714136
OLLR,142,94,1,1362,0.9971957760000004,0.012582912,11.550620695273118,0.2843705625444058,8.928904533333334,4.7526912,3.587166666666667,1.509642333984375,0.5582851099224321,0.8663607795761357
OLLR,142,94,1,1433,0.9971957760000004,0.00054525952,11.550620695273118,0.0156084640636101,9.21915076923077,5.117636923076923,3.650000000000001,0.1416030578613281,0.9549434026414971,1.219663761522658
OLLR,142,94,1,8003,0.9971957760000004,0.01040187392,11.550620695273118,0.181521435960073,6.8433341935483885,4.192247741935485,5.314112903225807,0.4477265930175781,0.23888046788627323,0.22479819802289078
IL2L,143,89,1,709,0.6207569920000001,0.00144703488,7.632167226012455,0.0283933921908303,7.077472463768116,9.357579130434784,1.75,0.3016282348632813,0.1604907211174447,0.3435160394873686
IL2L,143,89,1,918,0.6207569920000001,0.02522873856,7.632167226012455,0.58299186570123,5.84752518703242,7.942562793017458,2.688944305901912,1.472369873046875,0.5493475717908165,0.4424167334718568
RMED,144,139,3,1801,0.9749869363200002,0.0013631488,11.940174306310158,0.0292417015665705,6.721851076923078,4.9400910769230775,4.5,0.2694523620605469,0.5169528934580282,0.3613843360266136
RMED,144,139,3,1850,0.9749869363200002,0.030932992,11.940174306310158,0.7633738985281621,5.623710806779662,5.041592840677967,5.112677966101695,2.545123046875,0.5964870979345788,1.2952535221692207
RMED,144,139,3,1863,0.9749869363200002,0.02413821952,11.940174306310158,0.5011924406834678,6.034767402258906,4.676699635099913,5.073153779322329,1.2060009765625,0.6142695083555431,1.270259182615669
RMED,144,139,3,1903,0.9749869363200002,0.00434110464,11.940174306310158,0.1127252593875819,5.65297468599034,4.9622941062801935,4.901449275362318,0.4144754333496094,0.5966703375340251,1.2305617036708385
RMER,145,141,3,996,0.7818182656000001,0.016252928,10.366598974812971,0.3039897672204344,6.186571974193549,8.190440877419357,2.798451612903226,0.9117272338867188,0.4702237915681101,0.5952402505868973
RMER,145,141,3,1602,0.7818182656000001,0.0058720256,10.366598974812971,0.1425668062662822,6.940964571428571,4.634404571428572,4.211071428571429,0.7645064697265626,3.203168716791164,0.3794638674774973
CEPDL,146,71,1,1298,0.8002732032000002,0.00610271232,11.37312034362366,0.1376952703298919,6.795489209621993,9.112755463917525,3.427319587628866,0.4451941833496093,0.46349339110980886,0.5420671785415138
CEPDL,146,71,1,1299,0.8002732032000002,0.0170917888,11.37312034362366,0.2431797562781241,7.065348711656442,9.329833619631904,3.4645398773006133,0.55248291015625,0.37339489024708017,0.3935943969173288
CEPDL,146,71,1,2451,0.8002732032000002,0.00337641472,11.37312034362366,0.0890277125088814,7.620976894409938,8.913379378881986,6.069254658385094,0.3267313842773438,0.42046947389296974,0.5699324359924826
CEPDL,146,71,1,2555,0.8002732032000002,0.00281018368,11.37312034362366,0.065051557821011,7.454872835820897,8.85653014925373,6.10634328358209,0.2404429168701171,0.5012777091706583,0.41082172025196734
URYVL,147,184,1,1802,0.7153175756800001,0.00840957952,8.547249015117508,0.1512557343935026,4.802432319201995,5.543287381546135,4.587905236907731,0.3460548400878906,0.4263896621639162,2.208084353781061
URYVL,147,184,1,1881,0.7153175756800001,0.00056623104,8.547249015117508,0.0226007734393503,4.793078518518518,5.337694814814815,4.812962962962963,0.2455511932373046,0.3912880589285631,2.259288407525387
URYVL,147,184,1,1958,0.7153175756800001,0.01073741824,8.547249015117508,0.2023226734630339,4.511240000000001,5.56504,5.0848632812500005,0.5464954223632813,0.23812389355021946,1.932613202604059
URYVL,147,184,1,1994,0.7153175756800001,0.00130023424,8.547249015117508,0.0331620109423106,5.278554838709678,5.332727741935485,5.0500000000000025,0.2242507629394531,0.30449022762452643,1.9663630397544531
URXL,149,180,1,2683,0.9022996480000002,0.00700448768,10.59608520609702,0.1262129500118415,6.04969389221557,8.475715449101797,6.371556886227546,0.4169718933105468,0.23936764496175678,0.5921097337796217
CEPDR,150,72,1,650,0.9004122112000001,0.00803209216,12.510705510986195,0.1681366625207229,10.771838328981724,6.913951749347259,1.6942558746736294,0.4896210632324219,1.5143153042736295,1.4142138338286478
CEPDR,150,72,1,1163,0.9004122112000001,0.01545601024,12.510705510986195,0.3609220984807959,10.152966947082769,7.996286784260515,3.311668928086838,1.4744027099609376,0.5986878777259526,1.2732392112973592
CEPDR,150,72,1,1540,0.9004122112000001,0.00100663296,12.510705510986195,0.0339375468787005,9.673813333333335,6.213973333333333,3.9020833333333336,0.1892548675537109,0.9137514993147736,0.9139372339316659
CEPDR,150,72,1,1938,0.9004122112000001,0.0101711872,12.510705510986195,0.2409560656538643,9.932377731958764,6.279210226804125,5.184226804123712,0.5916619873046876,0.2438774157158314,1.0255385404664252
RMDVL,151,137,3,1055,1.7708351488000005,0.0132120576,20.7233050463744,0.2538439109659934,8.338513269841272,9.162752,2.8514285714285714,1.0348896484375,4.142220779624183,0.39944123617464977
RMDVL,151,137,3,1372,1.7708351488000005,0.00872415232,20.7233050463744,0.1553517343935025,6.450953846153847,8.746338461538462,3.659254807692308,0.6257139892578125,4.053441933270782,0.3700970876751912
RMDVL,151,137,3,1933,1.7708351488000005,0.01463812096,20.7233050463744,0.3416719328506143,6.478223037249284,4.750802521489971,5.158381088825215,1.0178806762695312,0.47933686759727967,0.4679103390719903
RMDVL,151,137,3,1955,1.7708351488000005,0.0135266304,20.7233050463744,0.3161748500355246,8.307926325581398,4.871350573643412,5.013100775193799,1.2229476318359376,0.41551524487655106,0.7123685492780236
RMDVL,151,137,3,2215,1.7708351488000005,0.02099249152,20.7233050463744,0.5103055234985583,7.241163316683318,4.784218021978023,6.0994005994006,2.0315950927734376,0.5120228027815943,0.43279004348938627
RMDVL,151,137,3,2236,1.7708351488000005,0.00631242752,20.7233050463744,0.1181664968905424,6.982591362126247,4.847772491694353,5.635215946843855,0.3735622863769531,0.33981861015823317,0.2853377829566774
RMDVL,151,137,3,8007,1.7708351488000005,0.01323302912,20.7233050463744,0.2585823859719147,7.381336038034866,9.106816608557844,3.1405705229793983,0.8228240966796875,4.1572715574955,0.3850007357348547
RMDVL,151,137,3,8022,1.7708351488000005,0.01105199104,20.7233050463744,0.2086423640872935,6.664821555977231,4.802423984819734,5.546679316888047,0.6062147827148437,0.607080216068147,0.30184669867394553
RMDVR,152,138,3,1254,1.7622368256000005,0.02147483648,20.76266314335966,0.4756475563254901,10.19546,5.98578,3.48583984375,1.4049271240234376,4.540364875367952,0.25229154890725974
RMDVR,152,138,3,1560,1.7622368256000005,0.05028970496,20.76266314335966,1.0224958423210886,5.555443402835697,7.172449574645539,4.549958298582152,2.731210205078125,0.3815361974514326,0.2887647245951877
RMDVR,152,138,3,1996,1.7622368256000005,0.03542089728,20.76266314335966,0.6714072469497504,5.623439384251037,5.774414209591474,5.516725873297809,1.7126142578125,0.26547199065546884,0.4022808669779006
RMDR,153,136,3,1539,1.5151923200000004,0.00213909504,16.867708700707002,0.057459403133141,10.578321568627452,6.133358431372549,3.887254901960784,0.2789179992675781,4.602762505357946,0.34044490642872666
RMDR,153,136,3,1695,1.5151923200000004,0.01082130432,16.867708700707002,0.1903860547115534,6.728751627906977,9.017153488372095,4.372286821705426,0.3811426391601562,0.5393830869873664,0.2676245648873076
RMDR,153,136,3,1841,1.5151923200000004,0.02764046336,16.867708700707002,0.4946242859955975,6.162755204855843,8.273127526555387,5.052693474962064,1.2568211669921876,0.2739693890617272,0.5058353589449242
RMDR,153,136,3,1925,1.5151923200000004,0.00952107008,16.867708700707002,0.1747048172085929,6.4161043171806185,8.506372511013216,4.9716960352422905,0.5695875244140625,0.43047182997536104,0.2670256451850217
RMDL,154,135,3,1740,1.3387798937600004,0.0063963136,15.886799817844548,0.1334235797056325,6.70830793442623,8.307158032786887,4.44344262295082,0.4877374572753906,3.7781150535239836,0.2510999291620382
RMDL,154,135,3,1820,1.3387798937600004,0.01983905792,15.886799817844548,0.3620615016139368,5.855721268498943,7.859362367864694,4.660729386892178,0.92172265625,4.045073803871315,0.3056248997924263
RMDL,154,135,3,1904,1.3387798937600004,0.03594518528,15.886799817844548,0.6782488375976922,9.724140583430572,5.722236266044342,5.1917152858809805,1.9626151123046875,0.3812991020429632,0.6436930100313561
RMDL,154,135,3,1921,1.3387798937600004,0.00354418688,15.886799817844548,0.083907712508881,9.79852875739645,5.618548639053255,4.927514792899408,0.2413443145751953,0.29919249257419406,0.38544296583409504
RMDL,154,135,3,2216,1.3387798937600004,0.0030408704,15.886799817844548,0.0732435578210112,8.499906206896553,4.784692965517242,5.5600000000000005,0.3990120239257812,0.9361348932416523,0.40071613047024257
RMDL,154,135,3,2217,1.3387798937600004,0.00096468992,15.886799817844548,0.0220009281272204,9.221342608695652,5.264695652173913,5.5,0.1942578125,0.3178107986092755,0.7166716430529007
SIADR,155,159,3,3140,0.4937744384000001,0.00515899392,9.351133787061348,0.1215898781390618,7.026305040650406,10.048936585365857,7.227235772357726,0.549791015625,0.0,3.3973455945798414
ALMR,157,25,1,2672,0.47932506112,0.01692401664,6.552826454068626,0.3641697891050555,10.420589442379182,6.582835390334573,6.490148698884759,1.031390625,0.21017489180132376,4.207037746876632
ALMR,157,25,1,3134,0.47932506112,0.00956301312,6.552826454068626,0.2068729718964627,11.931755789473687,6.516232982456141,7.307785087719298,0.8046901245117187,1.7315206678954222,5.09214100640698
AINR,158,18,2,2659,0.8958194483200002,0.01067450368,12.780092426675584,0.228316684405344,4.621237563850688,8.838910491159135,6.328880157170923,0.7110077514648437,0.2977859207817372,6.8416074456782185
AINR,158,18,2,3917,0.8958194483200002,0.0076546048,12.780092426675584,0.1819455906479427,3.615645808219178,4.352869698630138,9.047123287671234,0.5899403686523438,0.3602067002905748,9.936627073428586
SIBVL,159,164,3,2143,0.7230560665600002,0.0095420416,13.459029398572044,0.1852660547115531,6.604867516483516,8.693602461538461,5.383516483516482,0.61811865234375,0.0,0.37418225089700624
SIBVL,159,164,3,5444,0.7230560665600002,0.00752877568,13.459029398572044,0.1758015906479429,5.115093927576601,2.748826740947075,12.407381615598888,0.528491455078125,0.0,3.8655627621328326
BAGL,160,67,1,1927,1.3057916928000004,0.01308622848,17.117766250576747,0.2183854359600733,8.644693333333334,10.430326153846154,4.964022435897436,0.6037415161132812,2.9905712027691025,5.981263471809369
BAGL,160,67,1,2271,1.3057916928000004,0.01900019712,17.117766250576747,0.3528330156657052,9.473085033112584,3.605225960264901,5.7577814569536425,0.9865499267578124,0.4872434288372679,0.7305625000932162
BAGL,160,67,1,2494,1.3057916928000004,0.02801795072,17.117766250576747,0.5784592250651287,9.516133173652694,3.587019880239521,6.440232035928143,1.1396728515625,0.4654006935910924,0.6318319630774699
BAGL,160,67,1,3289,1.3057916928000004,0.00266338304,17.117766250576747,0.0697474031331412,7.320229291338584,3.3314670866141736,7.527559055118108,0.2353453063964843,0.7385462992595915,0.7357472224634208
BAGL,160,67,1,3290,1.3057916928000004,0.0045088768,17.117766250576747,0.1140704968905421,7.636087069767441,3.488648930232558,7.498139534883722,0.5167474975585937,0.8187583878075979,0.962752096916399
BAGR,161,68,1,2141,1.0776005836800004,0.0130023424,13.29486084696995,0.2189551375266435,4.344303483870968,8.229095225806452,5.429435483870968,0.6470460815429687,0.3075006154788013,0.875211204940125
BAGR,161,68,1,2317,1.0776005836800004,0.01830813696,13.29486084696995,0.309358231284044,3.965167285223368,7.862208659793816,5.8368843069874,0.7103588256835938,0.4278942092720093,0.5694046669557344
BAGR,161,68,1,2375,1.0776005836800004,0.00383778816,13.29486084696995,0.0705957125088814,6.9289547540983625,9.68256349726776,5.775956284153004,0.3273785095214844,2.572735644022746,1.421498764009234
CEPVR,162,74,1,1849,0.7078726860800001,0.0082837504,9.659530448086544,0.174456353144983,8.246388658227849,4.233708556962025,4.781898734177216,0.5446713256835938,0.6636545048407032,0.3681240349072191
CEPVR,162,74,1,2721,0.7078726860800001,0.02386558976,9.659530448086544,0.4942302750532876,7.7101981019332175,5.016538207381371,6.748725834797892,1.293815673828125,0.466886413361386,1.5401620120520128
CEPVL,163,73,1,2642,0.8303253913600003,0.00564133888,11.213481403058603,0.1322540328269318,5.807412342007436,5.576270037174722,6.3591078066914495,0.4655476379394531,0.9465515248460402,0.7398624037545629
CEPVL,163,73,1,2671,0.8303253913600003,0.00385875968,11.213481403058603,0.1162214140754518,3.895874782608696,6.030914782608697,6.48179347826087,0.4180685729980469,1.6169534635963096,1.493232258957938
CEPVL,163,73,1,2679,0.8303253913600003,0.00276824064,11.213481403058603,0.0636034031331408,6.471524848484849,7.913503030303031,6.378409090909091,0.2755313415527344,0.2642836439639246,1.5150342680173454
CEPVL,163,73,1,2923,0.8303253913600003,0.00478150656,11.213481403058603,0.101885414075452,5.92024701754386,5.6546357894736845,6.809649122807017,0.3249740905761719,0.8731663780903348,0.48106043039732493
SIBVR,164,165,3,1970,0.7618533785600001,0.00364904448,13.531123209561729,0.0810841765724915,8.788391724137933,9.335466666666669,5.001436781609195,0.3630325622558594,0.0,0.5283833938405988
SIBVR,164,165,3,2281,0.7618533785600001,0.00803209216,13.531123209561729,0.1749231375266434,6.027108929503917,8.45438997389034,5.674543080939949,0.7064747924804687,0.0,3.4317869884767793
RICR,166,118,2,1926,1.1288549785600004,0.0122683392,14.41696543935024,0.258569900023683,7.187849846153847,9.045228307692309,5.041623931623932,0.992396728515625,0.4251086041334138,0.3902277298135533
RICR,166,118,2,2442,1.1288549785600004,0.006815744,14.41696543935024,0.134726187514802,8.103715446153847,4.60037513846154,6.0703076923076935,0.4917016296386718,0.32182952877309773,0.3137339382070857
RICR,166,118,2,3375,1.1288549785600004,0.00425721856,14.41696543935024,0.1106772593875815,7.321549556650248,4.730577339901478,7.777832512315271,0.3384032592773437,1.8365414239393325,0.7856308641018045
RICL,167,117,2,1839,1.1549016064000004,0.008912896,14.882742034721584,0.187841126584333,10.293537129411764,7.366872847058825,4.680941176470588,0.740095947265625,0.38398806054795237,0.39354555631900534
RICL,167,117,2,1906,1.1549016064000004,0.0095420416,14.882742034721584,0.1961786734630336,10.336323516483516,6.557290901098901,4.936263736263737,0.4365838623046875,0.6075089214638153,0.3789044143897778
RICL,167,117,2,2412,1.1549016064000004,0.00436207616,14.882742034721584,0.1131494140754514,9.788750769230772,5.417846153846154,6.011298076923079,0.5815278930664063,2.2374441614183884,0.2667379014700026
RICL,167,117,2,2563,1.1549016064000004,0.01033895936,14.882742034721584,0.1563455906479429,5.338467180527385,6.637264746450305,6.187829614604463,0.7841065673828125,0.45741347335145904,0.5222288909982884
RICL,167,117,2,3402,1.1549016064000004,0.00322961408,14.882742034721584,0.0836592484452712,7.325589610389612,4.442963116883117,7.7808441558441555,0.3478239135742187,0.5044402267756564,0.4647981103632722
RICL,167,117,2,3725,1.1549016064000004,0.00467664896,14.882742034721584,0.1227895687633217,5.158572197309418,5.798227802690584,8.424663677130043,0.4100707397460937,2.676510831477094,1.8468790310658907
AVDR,169,48,2,5199,0.4151731814400001,0.00769654784,8.104366429192957,0.2016500547115532,4.509227247956404,4.676024850136241,12.011035422343324,0.56988818359375,0.0,4.825469875803572
RIFL,170,120,2,2660,0.7128848793600001,0.00799014912,9.360354071561414,0.1431365078328526,9.08333690288714,8.945029711286091,6.313910761154856,0.4380875244140625,0.5953654124303759,6.784182981169106
RIFL,170,120,2,3136,0.7128848793600001,0.015204352,9.360354071561414,0.2894177891050555,5.853381737931034,7.723671834482759,7.343862068965517,0.9049053955078123,0.43218702125182856,3.6779673831523003
AUAR,171,42,2,1946,1.0245006950400002,0.0096468992,12.508486992211033,0.1882652812722029,10.781028173913043,9.155984695652176,5.004673913043479,0.743611328125,0.4440437682391252,0.5417513890472362
AUAR,171,42,2,2017,1.0245006950400002,0.00218103808,12.508486992211033,0.0551629390695308,11.183852307692309,8.904073846153846,5.0875,0.2046262817382812,0.1476454884203639,0.2437474538662339
AUAR,171,42,2,2097,1.0245006950400002,0.00176160768,12.508486992211033,0.0419538562544404,11.298133333333336,8.706925714285713,5.230357142857143,0.1797762908935546,0.17218115927438263,0.4173258002243332
AUAR,171,42,2,2353,1.0245006950400002,0.00150994944,12.508486992211033,0.0382092375029604,11.831751111111112,6.6212977777777775,5.780555555555555,0.195288589477539,1.7607304172395601,1.5890828123771876
AUAR,171,42,2,2669,1.0245006950400002,0.01419771904,12.508486992211033,0.2500691484689543,10.495470605613,4.539995509601182,6.468611521418021,0.699216796875,0.5735045179353586,1.7966083904458676
ASIL,172,35,1,3665,0.6345352806400001,0.00815792128,8.81596331205542,0.209417900023683,3.812438868894602,5.053347866323907,8.455784061696658,0.8161790161132813,8.19876527611495,0.0
PVR,173,111,2,2929,0.9420616499200002,0.02229272576,15.393036327172924,0.4867108938047669,5.772932455315146,6.954183405456256,7.057384760112888,1.1467115478515626,0.3005973418797589,3.8540765314838326
AIBR,174,14,2,2180,1.5864325734400004,0.01402994688,21.380685044878845,0.2327942093994227,5.206481315396114,8.41268807174888,5.512855007473842,0.7026513671875,0.3239781934093908,0.48624835062223
AIBR,174,14,2,2316,1.5864325734400004,0.0066060288,21.380685044878845,0.1728325078328527,4.664953904761906,7.11917307936508,5.87063492063492,0.9610402221679688,0.20582222400956487,0.3212024988977342
AIBR,174,14,2,2556,1.5864325734400004,0.00509607936,21.380685044878845,0.1065812593875821,11.053974650205763,8.89708510288066,6.133539094650206,0.3435701293945312,1.8462730757559254,0.31572781395248706
AIBR,174,14,2,3374,1.5864325734400004,0.01948254208,21.380685044878845,0.350682098480796,5.404427298170076,4.846661442411196,7.892734122712595,0.912302978515625,0.1910175562552924,0.7351375032715771
ASHR,175,34,1,3293,0.9698698854400002,0.00801112064,11.077608498311532,0.1724083531449824,8.593182827225132,4.742996439790575,7.572120418848168,0.590588134765625,0.2343949777125446,0.8289716718278717
ASHR,175,34,1,3914,0.9698698854400002,0.00866123776,11.077608498311532,0.1589508062662823,6.256218498789346,3.753493075060533,8.922760290556901,0.4654325256347656,0.3551508697861457,0.5427558936742087
ADAR,176,2,2,2310,0.6444967526400002,0.00295698432,10.31183004668575,0.0606343203180508,10.384086241134751,6.351704964539008,5.675531914893617,0.349453369140625,0.21799203147295318,0.4872188253226934
ADAR,176,2,2,3011,0.6444967526400002,0.01317011456,10.31183004668575,0.2416286844053438,8.794301146496815,5.058494777070064,7.144347133757961,0.8330291137695313,0.2963005895774463,0.7816520502168129
ADAR,176,2,2,3213,0.6444967526400002,0.00436207616,10.31183004668575,0.1110286406361017,7.046596923076923,4.164529230769231,7.406971153846154,0.382865234375,0.1563501780885251,0.3228298745645923
AVBL,177,45,2,2018,1.0053956403200004,0.011534336,14.111399628360568,0.2407377453358131,9.239049309090907,8.920976290909094,5.210454545454546,0.941763916015625,0.0,0.5343507683140368
AVBL,177,45,2,2327,1.0053956403200004,0.01084227584,14.111399628360568,0.1741777453358135,9.860545609284332,4.565891218568666,5.788297872340426,0.6954732666015625,0.0,0.3767505404705151
AVBL,177,45,2,5223,1.0053956403200004,0.01199570944,14.111399628360568,0.2511960656538643,5.599633006993007,3.4762293706293708,12.064510489510493,0.6097730102539063,0.0,0.9547632215389266
RIGR,178,123,2,1707,1.3727118131200002,0.01459617792,15.960338386371056,0.2625026953476547,10.666843218390806,5.092869885057472,4.405675287356321,1.0096856079101562,0.5798353223742181,1.2235592035999674
RIGR,178,123,2,1973,1.3727118131200002,0.0226492416,15.960338386371056,0.5048518000473659,9.351869629629627,3.987152592592592,5.43550925925926,1.8124013671875,0.4629512784340294,0.48738303663165783
ADAL,179,1,2,2372,0.7017280307200001,0.00658505728,11.064035548299683,0.1294304968905417,7.400454522292994,9.105447133757965,5.868471337579618,0.3128500061035156,0.37597189037155776,0.38042627713766836
ADAL,179,1,2,2818,0.7017280307200001,0.00792723456,11.064035548299683,0.156478651578412,5.644082116402116,7.515997460317461,6.6718253968253975,0.3988603820800781,0.23001067058719346,1.0424213603632835
ASEL,181,29,1,2061,0.97882472448,0.001048576,12.769250439113424,0.0236975468787005,11.452416000000005,9.27744,5.15,0.1892899932861328,0.8295719425920838,2.089102946150816
ASEL,181,29,1,2164,0.97882472448,0.01723858944,12.769250439113424,0.3812565516020955,11.63124476885645,9.02555094890511,5.47323600973236,1.2492281494140625,0.41903187422724403,2.153442318712374
AWBL,182,63,1,2843,0.5126488064000001,0.00448790528,7.457407293161839,0.1018854140754519,4.962667663551402,7.680191401869159,6.667990654205608,0.3966539306640625,1.1508937553404681,0.23340328828578835
AWBR,183,64,1,3046,0.4652112281600001,0.007340032,6.640554588367395,0.1338778781390618,9.649824914285714,5.344519314285715,7.082571428571429,0.3998665466308593,0.3970666034347795,0.42466616110853656
PVPR,184,108,2,2247,0.5539207577600002,0.00924844032,6.904814189957652,0.1553517343935024,10.74554485260771,7.981766530612244,5.656349206349206,0.4254555358886718,0.3451251702243434,0.2326351329086504
PVPR,184,108,2,2559,0.5539207577600002,0.00056623104,6.904814189957652,0.0156084640636101,9.347223703703705,4.770322962962963,6.1,0.1363329315185547,0.41139459508717396,2.3374404666533066
RMDDR,185,134,3,1358,1.6191481446400002,0.02711617536,20.28901364324126,0.5548770813195699,8.090645382830626,8.985350533642691,3.731361175560712,1.6624345703125,0.5789903095627855,0.45293438282137394
RMDDR,185,134,3,1507,1.6191481446400002,0.02030043136,20.28901364324126,0.3451379437929258,6.950082644628099,8.626480661157025,3.9119318181818175,1.13736376953125,0.42216702121316024,0.22773336731091853
RMDDR,185,134,3,1919,1.6191481446400002,0.00352321536,20.28901364324126,0.0802358671967512,6.934064761904763,4.321158095238095,4.958928571428571,0.4339735717773437,4.104800916864331,0.35632157279995086
RMDDR,185,134,3,2029,1.6191481446400002,0.00102760448,20.28901364324126,0.0232006187514802,7.072287346938776,4.465475918367347,5.1000000000000005,0.1882595977783203,4.017793547789433,0.3331916077127821
RMDDR,185,134,3,2030,1.6191481446400002,0.00417333248,20.28901364324126,0.1062600218846212,6.728451859296484,4.490986130653267,5.200251256281409,0.372834228515625,4.017317607576745,0.41053243783896004
RMDDR,185,134,3,8004,1.6191481446400002,0.0034603008,20.28901364324126,0.0824595578210108,6.783348363636364,4.391408484848485,5.3063636363636375,0.3393292236328125,4.147794911250016,0.40473687591129925
SAADR,186,150,2,2020,0.6915987865600002,0.00855638016,10.723601651267046,0.1546489718964628,6.201675294117647,9.760778039215689,5.153676470588235,0.80728125,0.4965204219949624,2.4086095546811213
SAAVR,187,152,2,2415,0.8156453273600003,0.0014680064,11.59045163583817,0.0310412375029603,10.977572571428574,5.982793142857145,5.899999999999998,0.2669680786132812,5.866346440376128,1.7548918097118231
SAAVR,187,152,2,2926,0.8156453273600003,0.01025507328,11.59045163583817,0.2077940547115533,5.260888997955012,5.674844662576688,6.913394683026585,0.5397927856445313,0.23378187662987104,0.6827568698730071
SAAVR,187,152,2,3189,0.8156453273600003,0.00297795584,11.59045163583817,0.0668510937574009,5.123605633802816,5.5264270422535215,7.299295774647887,0.259165283203125,0.3678454209606559,0.24965785086631415
ADEL,188,3,1,4730,0.3641704448000001,0.00297795584,4.750555942771069,0.0670995578210112,5.323069295774649,4.917796056338029,10.78838028169014,0.2547974243164062,0.6040812865184301,0.7051622247881977
ADEL,188,3,1,5148,0.3641704448000001,0.00448790528,4.750555942771069,0.1055572593875818,6.220847850467293,3.7025734579439256,11.755841121495328,0.3982366638183593,0.42665247248948,1.364484091043679
ADEL,188,3,1,5416,0.3641704448000001,0.0096468992,4.750555942771069,0.2372842203417343,6.311936000000001,3.348658086956522,12.569456521739133,0.6843881225585937,0.4921180176803869,0.6032420015077383
ADER,189,4,1,4729,0.29712449536,0.0126877696,4.232379656775471,0.2206517562781236,5.406652297520662,4.422935272727273,10.836363636363636,0.6770271606445313,1.9485763005729935,0.5113562248756045
SMDVL,190,172,3,1074,1.4314949836800004,0.00245366784,18.98284571637272,0.0598587843816611,9.67548717948718,8.818127863247865,2.852564102564103,0.3198296203613281,5.8971248225630415,0.32864824679275456
SMDVL,190,172,3,1429,1.4314949836800004,0.00910163968,18.98284571637272,0.1588478890813726,9.047252350230416,9.40140534562212,3.691359447004608,0.815775390625,5.756024265114182,0.2739192086023137
SMDVL,190,172,3,2272,1.4314949836800004,0.00742391808,18.98284571637272,0.1427424968905419,6.900140112994351,4.0525523163841815,5.719774011299435,0.483392822265625,0.37216195951896314,0.2947167505050371
SMDVL,190,172,3,2302,1.4314949836800004,0.00197132288,18.98284571637272,0.0524423203180508,8.548874893617018,4.56311829787234,5.695744680851065,0.2464418640136718,1.406788220323998,1.282975400142195
SMDVL,190,172,3,2752,1.4314949836800004,0.02063597568,18.98284571637272,0.4287670484926377,6.2263362601626016,4.825246178861789,6.793648373983739,1.3361158447265624,0.2315728973329983,0.234924142640682
SMDVL,190,172,3,3440,1.4314949836800004,0.00551550976,18.98284571637272,0.1156943422026722,6.729509961977186,10.354002737642586,7.881368821292776,2.5078154296875,5.651120316697582,3.384040153642336
SMDVL,190,172,3,4438,1.4314949836800004,0.00174063616,18.98284571637272,0.0491218562544407,6.582716144578315,4.479444819277109,10.157831325301206,0.1842726135253906,3.2595435112131366,2.8297265267598366
SMDVL,190,172,3,4552,1.4314949836800004,0.00155189248,18.98284571637272,0.0440018562544405,6.5021232432432425,4.436964324324324,10.388513513513516,0.1739056396484375,3.4795043686423264,3.050919698328634
SMDVL,190,172,3,5247,1.4314949836800004,0.00557842432,18.98284571637272,0.1546063422026724,5.927112180451129,2.977376240601504,12.153007518796992,0.6190659790039063,5.499035454525256,5.197627269253124
RMDDL,191,133,3,1365,1.8059205017600004,0.01455423488,21.26481198245287,0.2971554906716265,10.14468242074928,6.420361959654179,3.596469740634006,0.998154052734375,0.4607358555004959,0.280117997063102
RMDDL,191,133,3,1367,1.8059205017600004,0.0201326592,21.26481198245287,0.4376618109896778,10.246656,7.260394666666667,3.7125,1.3094049072265626,0.41407510873162917,0.5526056069607357
RMDDL,191,133,3,1499,1.8059205017600004,0.01440743424,21.26481198245287,0.2726397781627447,10.1953434643377,6.593576244541485,3.95938864628821,0.76575390625,0.7944559751546607,0.2707724868341267
RMDDL,191,133,3,1502,1.8059205017600004,0.0128974848,21.26481198245287,0.280159159411265,5.421072650406504,7.504837723577237,3.848292682926829,1.564239501953125,4.337519591885639,0.37583829895603793
RMDDL,191,133,3,1836,1.8059205017600004,0.02359296,21.26481198245287,0.3970105625444054,4.876588373333335,5.93313792,4.930488888888889,1.317726806640625,4.681150007308755,0.44894268569352985
RMDDL,191,133,3,3431,1.8059205017600004,0.00134217728,21.26481198245287,0.0400815468787005,6.0377600000000005,5.56992,7.78515625,0.1926409606933593,5.119275950377558,0.24114068697352267
RMDDL,191,133,3,3837,1.8059205017600004,0.00979369984,21.26481198245287,0.2753177672204343,5.702079314775161,5.8677611991434695,8.946359743040684,1.236467041015625,6.215014521597095,1.1828601513883379
RMDDL,191,133,3,8017,1.8059205017600004,0.00819986432,21.26481198245287,0.1853689718964633,4.864026189258313,5.885459641943734,4.786061381074169,0.6430476684570312,4.667308150345524,0.4827668677910315
RMDDL,191,133,3,8019,1.8059205017600004,0.00253755392,21.26481198245287,0.0515940109423105,10.1084879338843,6.728103140495869,3.778099173553718,0.2429731140136719,0.6278953906983774,0.3791355627689612
RMDDL,191,133,3,8020,1.8059205017600004,0.01763704832,21.26481198245287,0.3400304297411576,9.988176361474435,6.2311313198573135,4.030975029726516,0.67115576171875,0.5992668025844227,0.43085701361893947
AFDL,192,9,1,2167,0.6227283148800002,0.00201326592,7.786091493114474,0.045698475005921,10.3648,9.94944,5.371354166666667,0.2046247253417968,0.4954525703845864,0.25137274931999704
SABD,200,153,3,5573,0.07809794048,0.00415236096,1.469373653310766,0.1112043312603616,5.611623434343437,2.772350707070707,12.88030303030303,0.3780114135742187,0.0,0.0
